2026-08-20 20:22:50 - Pipeline - INFO - Pipeline logger initialized
2026-08-20 20:22:50 - Pipeline - INFO - Log level: INFO
2026-08-20 20:22:50 - Pipeline - INFO - Pipeline log: logs/pipeline_20260820_202250.log
2026-08-20 20:22:50 - Pipeline - INFO - Full log: logs/full_log_20260820_202250.log
2026-08-20 20:22:50 - Pipeline - INFO - Pipeline test
2026-08-20 20:22:50 - Pipeline - INFO - Initialized DirectoryManager at /Users/rishi/Documents/Analysis/Sources/AstroImageDetection-fitmodel/HAWC-ImageProcessing-3MLFit/hawc_analysis/Run1
2026-08-20 20:22:50 - Pipeline - INFO - Directory structure created at /Users/rishi/Documents/Analysis/Sources/AstroImageDetection-fitmodel/HAWC-ImageProcessing-3MLFit/hawc_analysis/Run1
2026-08-20 20:22:50 - Pipeline - INFO - Converted galactic coordinates (l=12.5, b=0) to equatorial (RA=273.2187758272126, Dec=-18.100800822935284)
2026-08-20 20:22:54 - Pipeline - INFO - Significance map already exists at /Users/rishi/Documents/Analysis/Sources/AstroImageDetection-fitmodel/HAWC-ImageProcessing-3MLFit/hawc_analysis/Run1/DataMapDir/significance_map.fits, skipping generation
2026-08-20 20:22:54 - Pipeline - INFO - Searching for FITS files in /Users/rishi/Documents/Analysis/data/fhitcountmaps/
2026-08-20 20:22:54 - Pipeline - INFO - Looking for bins: ['B5C0', 'B6C0', 'B7C0', 'B8C0', 'B9C0', 'B10C0']
2026-08-20 20:22:54 - Pipeline - INFO - Found 6/6 energy bins
2026-08-20 20:22:54 - Pipeline - INFO - Creating HEALPix map from 6 FITS files
2026-08-20 20:22:54 - Pipeline - INFO - Energy bins: ['B5C0', 'B6C0', 'B7C0', 'B8C0', 'B9C0', 'B10C0']
2026-08-20 20:22:54 - Pipeline - INFO - Executing HealpixSigFluxMap command:
2026-08-20 20:23:20 - Pipeline - INFO - HEALPix map created successfully: /Users/rishi/Documents/Analysis/Sources/AstroImageDetection-fitmodel/HAWC-ImageProcessing-3MLFit/hawc_analysis/Run1/DataMapDir/significance_map.fits
2026-08-20 20:23:20 - Pipeline - INFO - Using significance map created: /Users/rishi/Documents/Analysis/Sources/AstroImageDetection-fitmodel/HAWC-ImageProcessing-3MLFit/hawc_analysis/Run1/DataMapDir/significance_map.fits
2026-08-20 20:23:20 - Pipeline - INFO - Using galactic coordinates from config: (l=12.5, b=0.0)
2026-08-20 20:23:20 - Pipeline - INFO - ROI size: 3.0° x 5.0°
2026-08-20 20:23:20 - Pipeline - INFO - Output directory for seeding: /Users/rishi/Documents/Analysis/Sources/AstroImageDetection-fitmodel/HAWC-ImageProcessing-3MLFit/hawc_analysis/Run1/Results/Step0-Allpoint-sources
2026-08-20 20:23:20 - Pipeline - INFO - Running seed model search in /Users/rishi/Documents/Analysis/Sources/AstroImageDetection-fitmodel/HAWC-ImageProcessing-3MLFit/hawc_analysis/Run1/Results/Step0-Allpoint-sources
2026-08-20 20:23:20 - Pipeline - INFO - Loading HAWC data from /Users/rishi/Documents/Analysis/Sources/AstroImageDetection-fitmodel/HAWC-ImageProcessing-3MLFit/hawc_analysis/Run1/DataMapDir/significance_map.fits
2026-08-20 20:23:46 - Pipeline - INFO - Found 3 sources, 3 within original ROI
2026-08-20 20:23:46 - Pipeline - INFO - Results saved to: /Users/rishi/Documents/Analysis/Sources/AstroImageDetection-fitmodel/HAWC-ImageProcessing-3MLFit/hawc_analysis/Run1/Results/Step0-Allpoint-sources/filtered_sources.yaml
2026-08-20 20:23:46 - Pipeline - INFO - Results saved to: /Users/rishi/Documents/Analysis/Sources/AstroImageDetection-fitmodel/HAWC-ImageProcessing-3MLFit/hawc_analysis/Run1/Results/Step0-Allpoint-sources/filtered_sources.yaml
2026-08-20 20:23:56 - Pipeline - INFO - Starting source_fitter (DRIPS-seeded in-process fit)
2026-08-20 20:23:56 - Pipeline - INFO - Running joint fit on DRIPS seed model (/Users/rishi/Documents/Analysis/Sources/AstroImageDetection-fitmodel/HAWC-ImageProcessing-3MLFit/hawc_analysis/Run1/Results/Step0-Allpoint-sources/curModel.model) in /Users/rishi/Documents/Analysis/Sources/AstroImageDetection-fitmodel/HAWC-ImageProcessing-3MLFit/hawc_analysis/Run1/Results/Step1-JointFit
2026-08-20 20:23:56 - Pipeline - INFO - Fitting model /Users/rishi/Documents/Analysis/Sources/AstroImageDetection-fitmodel/HAWC-ImageProcessing-3MLFit/hawc_analysis/Run1/Results/Step0-Allpoint-sources/curModel.model in /Users/rishi/Documents/Analysis/Sources/AstroImageDetection-fitmodel/HAWC-ImageProcessing-3MLFit/hawc_analysis/Run1/Results/Step1-JointFit  with compute_err=False, compute_TS=False, make_maps=True
2026-08-20 20:23:56 - Pipeline - INFO - Map tree: /Users/rishi/Documents/Analysis/data/maptree-fhit2pct-pass5f-mlp-chunk1-1510.root
2026-08-20 20:23:56 - Pipeline - INFO - Detector response: /Users/rishi/Documents/Analysis/data/detRes-fhit2pct-pass5f-mlp-refit.root
2026-08-20 20:23:56 - Pipeline - INFO - Converted galactic coordinates (l=12.5, b=0) to equatorial (RA=273.2187758272126, Dec=-18.100800822935284)
2026-08-20 20:23:56 - Pipeline - INFO - Model file: /Users/rishi/Documents/Analysis/Sources/AstroImageDetection-fitmodel/HAWC-ImageProcessing-3MLFit/hawc_analysis/Run1/Results/Step0-Allpoint-sources/curModel.model
2026-08-20 20:23:56 - Pipeline - WARNING - Fit attempt 1/1 failed: name 'astromodels' is not defined
2026-08-20 20:24:24 - Pipeline - INFO - Starting source_fitter (DRIPS-seeded in-process fit)
2026-08-20 20:24:24 - Pipeline - INFO - Running joint fit on DRIPS seed model (/Users/rishi/Documents/Analysis/Sources/AstroImageDetection-fitmodel/HAWC-ImageProcessing-3MLFit/hawc_analysis/Run1/Results/Step0-Allpoint-sources/curModel.model) in /Users/rishi/Documents/Analysis/Sources/AstroImageDetection-fitmodel/HAWC-ImageProcessing-3MLFit/hawc_analysis/Run1/Results/Step1-JointFit
2026-08-20 20:24:24 - Pipeline - INFO - Fitting model /Users/rishi/Documents/Analysis/Sources/AstroImageDetection-fitmodel/HAWC-ImageProcessing-3MLFit/hawc_analysis/Run1/Results/Step0-Allpoint-sources/curModel.model in /Users/rishi/Documents/Analysis/Sources/AstroImageDetection-fitmodel/HAWC-ImageProcessing-3MLFit/hawc_analysis/Run1/Results/Step1-JointFit  with compute_err=False, compute_TS=False, make_maps=True
2026-08-20 20:24:24 - Pipeline - INFO - Map tree: /Users/rishi/Documents/Analysis/data/maptree-fhit2pct-pass5f-mlp-chunk1-1510.root
2026-08-20 20:24:24 - Pipeline - INFO - Detector response: /Users/rishi/Documents/Analysis/data/detRes-fhit2pct-pass5f-mlp-refit.root
2026-08-20 20:24:24 - Pipeline - INFO - Converted galactic coordinates (l=12.5, b=0) to equatorial (RA=273.2187758272126, Dec=-18.100800822935284)
2026-08-20 20:24:24 - Pipeline - INFO - Model file: /Users/rishi/Documents/Analysis/Sources/AstroImageDetection-fitmodel/HAWC-ImageProcessing-3MLFit/hawc_analysis/Run1/Results/Step0-Allpoint-sources/curModel.model
2026-08-20 20:24:24 - Pipeline - WARNING - Fit attempt 1/1 failed: cannot import name 'astromodels' from 'threeML' (/Users/rishi/Documents/Analysis/aerie/.pixi/envs/threeml/lib/python3.12/site-packages/threeML/__init__.py)
2026-08-20 20:24:38 - Pipeline - INFO - Starting source_fitter (DRIPS-seeded in-process fit)
2026-08-20 20:24:38 - Pipeline - INFO - Running joint fit on DRIPS seed model (/Users/rishi/Documents/Analysis/Sources/AstroImageDetection-fitmodel/HAWC-ImageProcessing-3MLFit/hawc_analysis/Run1/Results/Step0-Allpoint-sources/curModel.model) in /Users/rishi/Documents/Analysis/Sources/AstroImageDetection-fitmodel/HAWC-ImageProcessing-3MLFit/hawc_analysis/Run1/Results/Step1-JointFit
2026-08-20 20:24:38 - Pipeline - INFO - Fitting model /Users/rishi/Documents/Analysis/Sources/AstroImageDetection-fitmodel/HAWC-ImageProcessing-3MLFit/hawc_analysis/Run1/Results/Step0-Allpoint-sources/curModel.model in /Users/rishi/Documents/Analysis/Sources/AstroImageDetection-fitmodel/HAWC-ImageProcessing-3MLFit/hawc_analysis/Run1/Results/Step1-JointFit  with compute_err=False, compute_TS=False, make_maps=True
2026-08-20 20:24:38 - Pipeline - INFO - Map tree: /Users/rishi/Documents/Analysis/data/maptree-fhit2pct-pass5f-mlp-chunk1-1510.root
2026-08-20 20:24:38 - Pipeline - INFO - Detector response: /Users/rishi/Documents/Analysis/data/detRes-fhit2pct-pass5f-mlp-refit.root
2026-08-20 20:24:38 - Pipeline - INFO - Converted galactic coordinates (l=12.5, b=0) to equatorial (RA=273.2187758272126, Dec=-18.100800822935284)
2026-08-20 20:24:38 - Pipeline - INFO - Model file: /Users/rishi/Documents/Analysis/Sources/AstroImageDetection-fitmodel/HAWC-ImageProcessing-3MLFit/hawc_analysis/Run1/Results/Step0-Allpoint-sources/curModel.model
2026-08-20 20:24:38 - Pipeline - INFO - No ROI template provided, computing ROI from provided ra and dec
2026-08-20 20:24:38 - Pipeline - INFO - ROI center: 273.2187758272126, -18.100800822935284
2026-08-20 20:24:38 - Pipeline - INFO - Running threeML fit pipeline with bins: ['B5C0', 'B6C0', 'B7C0', 'B8C0', 'B9C0', 'B10C0']
2026-08-20 20:24:53 - Pipeline - INFO - Running MLE without error estimation
2026-08-20 20:25:26 - Pipeline - INFO - Fit results saved to /Users/rishi/Documents/Analysis/Sources/AstroImageDetection-fitmodel/HAWC-ImageProcessing-3MLFit/hawc_analysis/Run1/Results/Step1-JointFit/likelihoodResults.fits
2026-08-20 20:25:26 - Pipeline - INFO - Saving HAL output maps
2026-08-20 20:25:26 - Pipeline - INFO - SAVE A BIG MAP
2026-08-20 20:25:49 - Pipeline - INFO - Writing model map...
2026-08-20 20:25:50 - Pipeline - INFO - Fit Step1-JointFit: -logL=117511.160, AIC=235052.321 (1.20 min)
2026-08-20 20:25:50 - Pipeline - INFO - Converted galactic coordinates (l=12.5, b=0) to equatorial (RA=273.2187758272126, Dec=-18.100800822935284)
2026-08-20 20:25:50 - Pipeline - INFO - Converting HDF5 to FITS: residual_fit.hd5
2026-08-20 20:25:54 - Pipeline - INFO - Created FITS file: /Users/rishi/Documents/Analysis/Sources/AstroImageDetection-fitmodel/HAWC-ImageProcessing-3MLFit/hawc_analysis/Run1/Results/Step1-JointFit/fits/residual_binB5C0.fits.gz
2026-08-20 20:25:57 - Pipeline - INFO - Created FITS file: /Users/rishi/Documents/Analysis/Sources/AstroImageDetection-fitmodel/HAWC-ImageProcessing-3MLFit/hawc_analysis/Run1/Results/Step1-JointFit/fits/residual_binB6C0.fits.gz
2026-08-20 20:26:00 - Pipeline - INFO - Created FITS file: /Users/rishi/Documents/Analysis/Sources/AstroImageDetection-fitmodel/HAWC-ImageProcessing-3MLFit/hawc_analysis/Run1/Results/Step1-JointFit/fits/residual_binB7C0.fits.gz
2026-08-20 20:26:02 - Pipeline - INFO - Created FITS file: /Users/rishi/Documents/Analysis/Sources/AstroImageDetection-fitmodel/HAWC-ImageProcessing-3MLFit/hawc_analysis/Run1/Results/Step1-JointFit/fits/residual_binB8C0.fits.gz
2026-08-20 20:26:04 - Pipeline - INFO - Created FITS file: /Users/rishi/Documents/Analysis/Sources/AstroImageDetection-fitmodel/HAWC-ImageProcessing-3MLFit/hawc_analysis/Run1/Results/Step1-JointFit/fits/residual_binB9C0.fits.gz
2026-08-20 20:26:06 - Pipeline - INFO - Created FITS file: /Users/rishi/Documents/Analysis/Sources/AstroImageDetection-fitmodel/HAWC-ImageProcessing-3MLFit/hawc_analysis/Run1/Results/Step1-JointFit/fits/residual_binB10C0.fits.gz
2026-08-20 20:26:06 - Pipeline - INFO - Successfully converted 6 energy bins to FITS
2026-08-20 20:26:06 - Pipeline - INFO - Creating HEALPix map from 6 FITS files
2026-08-20 20:26:06 - Pipeline - INFO - Energy bins: ['B5C0', 'B6C0', 'B7C0', 'B8C0', 'B9C0', 'B10C0']
2026-08-20 20:26:06 - Pipeline - INFO - Executing HealpixSigFluxMap command:
2026-08-20 20:26:28 - Pipeline - INFO - HEALPix map created successfully: /Users/rishi/Documents/Analysis/Sources/AstroImageDetection-fitmodel/HAWC-ImageProcessing-3MLFit/hawc_analysis/Run1/Results/Step1-JointFit/fits/residual.fits
2026-08-20 20:26:31 - Pipeline - INFO - Max value in residual map: 4.942928528398667
2026-08-20 20:26:48 - Pipeline - INFO - Source Source0
2026-08-20 20:26:48 - Pipeline - INFO - Source position: RA=273.3829861012103, Dec=-17.762817599918286
2026-08-20 20:26:48 - Pipeline - INFO - Source URM
2026-08-20 20:28:04 - Pipeline - INFO - Source Source0
2026-08-20 20:28:04 - Pipeline - INFO - Source position: RA=273.3829861012103, Dec=-17.762817599918286
2026-08-20 20:28:04 - Pipeline - INFO - Source URM
2026-08-20 20:28:04 - Pipeline - INFO - Source Source1
2026-08-20 20:28:04 - Pipeline - INFO - Source position: RA=273.50432203656914, Dec=-16.968381406667675
2026-08-20 20:28:04 - Pipeline - INFO - Source Source2
2026-08-20 20:28:04 - Pipeline - INFO - Source position: RA=272.38306996671906, Dec=-19.359483678936183
2026-08-20 20:28:04 - Pipeline - INFO - Max value in residual map: 4.942928528398667
2026-08-20 20:28:20 - Pipeline - INFO - Max value in residual map: 4.942928528398667
2026-08-20 20:29:34 - Pipeline - INFO - Sources in the model: ['Source0', 'URM', 'Source1', 'Source2']
2026-08-20 20:30:04 - Pipeline - INFO - Sources in the model: ['Source0', 'URM', 'Source1', 'Source2']
2026-08-20 20:30:04 - Pipeline - INFO - Baseline log-likelihood: 117511.16031602172
2026-08-20 20:30:53 - Pipeline - INFO - Sources in the model: ['Source0', 'URM', 'Source1', 'Source2']
2026-08-20 20:30:53 - Pipeline - INFO - Baseline log-likelihood: 117511.16031602172
2026-08-20 20:30:53 - Pipeline - INFO - Alternate spatial models: []
2026-08-20 20:31:33 - Pipeline - INFO - Sources in the model: ['Source0', 'URM', 'Source1', 'Source2']
2026-08-20 20:31:33 - Pipeline - INFO - Baseline log-likelihood: 117511.16031602172
2026-08-20 20:31:33 - Pipeline - INFO - Alternate spatial models: ['Gaussian_on_sphere']
2026-08-20 20:34:16 - Pipeline - INFO - Starting extension fit
2026-08-20 20:35:08 - Pipeline - INFO - Starting extension fit
2026-08-20 20:35:08 - Pipeline - INFO - Source0
2026-08-20 20:35:24 - Pipeline - INFO - Starting extension fit
2026-08-20 20:35:24 - Pipeline - INFO - Source0
2026-08-20 20:48:45 - Pipeline - INFO - Starting extension fit
2026-08-20 20:49:22 - Pipeline - INFO - Starting extension fit
2026-08-20 20:49:53 - Pipeline - INFO - Starting extension fit
2026-08-20 20:51:25 - Pipeline - INFO - Starting extension fit
2026-08-20 20:51:40 - Pipeline - INFO - Starting extension fit
2026-08-20 20:52:05 - Pipeline - INFO - Starting extension fit
2026-08-20 20:57:44 - Pipeline - INFO - Starting extension fit
2026-08-20 21:00:50 - Pipeline - INFO - Sources in the model: ['Source0', 'URM', 'Source1', 'Source2']
2026-08-20 21:00:50 - Pipeline - INFO - Baseline log-likelihood: 117511.16031602172
2026-08-20 21:00:50 - Pipeline - INFO - Alternate spatial models: ['Gaussian_on_sphere']
2026-08-20 21:03:04 - Pipeline - INFO - Cloned spectrum for Source0:   * description: A simple power-law
  * formula: $ K~\left(\frac{x}{piv}\right)^{index} $
  * parameters:
    * K:
      * value: 1.4199034889842906e-21
      * desc: Normalization (differential flux at the pivot value)
      * min_value: 1.0e-26
      * max_value: 1.0e-20
      * unit: ''
      * is_normalization: true
      * delta: 0.1
      * free: true
    * piv:
      * value: 2000000000.0
      * desc: Pivot value
      * min_value: null
      * max_value: null
      * unit: ''
      * is_normalization: false
      * delta: 0.1
      * free: false
    * index:
      * value: -2.633092976238573
      * desc: Photon index
      * min_value: -3.0
      * max_value: -1.0
      * unit: ''
      * is_normalization: false
      * delta: 0.20099999999999998
      * free: true

2026-08-20 21:03:39 - Pipeline - INFO - Cloned spectrum for Source0
2026-08-20 21:03:39 - Pipeline - INFO - Cloned model for Source0
2026-08-20 21:03:51 - Pipeline - INFO - Cloned spectrum for Source0
2026-08-20 21:03:51 - Pipeline - INFO - Cloned model for Source0
2026-08-20 21:05:38 - Pipeline - INFO - Skipping extension test for URM (URM source)
2026-08-21 12:07:17 - Pipeline - INFO - Skipping extension test for URM (URM source)
2026-08-21 12:09:25 - Pipeline - INFO - Skipping extension test for URM (URM source)
2026-08-21 12:10:17 - Pipeline - INFO - Skipping extension test for URM (URM source)
2026-08-21 12:11:00 - Pipeline - INFO - Skipping extension test for URM (URM source)
2026-08-21 12:11:50 - Pipeline - INFO - Skipping extension test for URM (URM source)
2026-08-21 12:11:59 - Pipeline - INFO - Skipping extension test for URM (URM source)
2026-08-21 12:12:23 - Pipeline - INFO - Skipping extension test for URM (URM source)
2026-08-21 12:13:22 - Pipeline - INFO - Skipping extension test for URM (URM source)
2026-08-21 12:15:37 - Pipeline - INFO - Skipping extension test for URM (URM source)
2026-08-21 12:18:43 - Pipeline - INFO - Skipping extension test for URM (URM source)
2026-08-21 12:19:28 - Pipeline - INFO - Skipping extension test for URM (URM source)
2026-08-21 12:21:38 - Pipeline - INFO - Skipping extension test for URM (URM source)
2026-08-21 12:21:46 - Pipeline - INFO - Skipping extension test for URM (URM source)
2026-08-21 12:21:59 - Pipeline - INFO - Skipping extension test for URM (URM source)
2026-08-21 12:23:14 - Pipeline - INFO - Skipping extension test for URM (URM source)
2026-08-21 12:24:28 - Pipeline - INFO - Spatial shape of source Point_Source, Alternate model Gaussian_on_sphere
2026-08-21 12:24:28 - Pipeline - INFO - Skipping extension test for URM (URM source)
2026-08-21 12:24:28 - Pipeline - INFO - Spatial shape of source Gaussian_on_sphere, Alternate model Gaussian_on_sphere
2026-08-21 12:24:28 - Pipeline - INFO - Spatial shape of source Gaussian_on_sphere, Alternate model Gaussian_on_sphere
2026-08-21 12:24:53 - Pipeline - INFO - Spatial shape of source Point_Source, Alternate model Gaussian_on_sphere
2026-08-21 12:24:53 - Pipeline - INFO - Skipping extension test for URM (URM source)
2026-08-21 12:24:53 - Pipeline - INFO - Spatial shape of source Gaussian_on_sphere, Alternate model Gaussian_on_sphere
2026-08-21 12:24:53 - Pipeline - INFO - Source Source1 already has spatial shape Gaussian_on_sphere, skipping swap
2026-08-21 12:24:53 - Pipeline - INFO - Spatial shape of source Gaussian_on_sphere, Alternate model Gaussian_on_sphere
2026-08-21 12:24:53 - Pipeline - INFO - Source Source2 already has spatial shape Gaussian_on_sphere, skipping swap
2026-08-21 12:25:41 - Pipeline - INFO - Spatial shape of source Point_Source, Alternate model Gaussian_on_sphere
2026-08-21 12:25:41 - Pipeline - INFO - Skipping extension test for URM (URM source)
2026-08-21 12:25:41 - Pipeline - INFO - Spatial shape of source Gaussian_on_sphere, Alternate model Gaussian_on_sphere
2026-08-21 12:25:41 - Pipeline - INFO - Source Source1 already has spatial shape Gaussian_on_sphere, skipping swap
2026-08-21 12:25:41 - Pipeline - INFO - Spatial shape of source Gaussian_on_sphere, Alternate model Gaussian_on_sphere
2026-08-21 12:25:41 - Pipeline - INFO - Source Source2 already has spatial shape Gaussian_on_sphere, skipping swap
2026-08-21 12:25:51 - Pipeline - INFO - Spatial shape of source Point_Source, Alternate model Gaussian_on_sphere
2026-08-21 12:25:51 - Pipeline - INFO - Skipping extension test for URM (URM source)
2026-08-21 12:25:51 - Pipeline - INFO - Spatial shape of source Gaussian_on_sphere, Alternate model Gaussian_on_sphere
2026-08-21 12:25:51 - Pipeline - INFO - Spatial shape of source Gaussian_on_sphere, Alternate model Gaussian_on_sphere
2026-08-21 12:26:20 - Pipeline - INFO - Spatial shape of source Point_Source, Alternate model Gaussian_on_sphere
2026-08-21 12:26:20 - Pipeline - INFO - Skipping extension test for URM (URM source)
2026-08-21 12:26:20 - Pipeline - INFO - Source Source1 already has spatial shape Gaussian_on_sphere, skipping swap
2026-08-21 12:26:20 - Pipeline - INFO - Source Source2 already has spatial shape Gaussian_on_sphere, skipping swap
2026-08-21 12:26:34 - Pipeline - INFO - Spatial shape of source Point_Source, Alternate model Gaussian_on_sphere
2026-08-21 12:26:34 - Pipeline - INFO - Skipping extension test for URM (URM source)
2026-08-21 12:26:34 - Pipeline - INFO - Source Source1 already has spatial shape Gaussian_on_sphere, skipping swap
2026-08-21 12:26:34 - Pipeline - INFO - Source Source2 already has spatial shape Gaussian_on_sphere, skipping swap
2026-08-21 12:26:46 - Pipeline - INFO - Spatial shape of source Point_Source, Alternate model Gaussian_on_sphere
2026-08-21 12:26:46 - Pipeline - INFO - Cloned spectrum for Source0
2026-08-21 12:26:46 - Pipeline - INFO - Skipping extension test for URM (URM source)
2026-08-21 12:26:46 - Pipeline - INFO - Source Source1 already has spatial shape Gaussian_on_sphere, skipping swap
2026-08-21 12:26:46 - Pipeline - INFO - Source Source2 already has spatial shape Gaussian_on_sphere, skipping swap
2026-08-21 12:27:15 - Pipeline - INFO - Spatial shape of source Point_Source, Alternate model Gaussian_on_sphere
2026-08-21 12:27:15 - Pipeline - INFO - Cloned spectrum for Source0
2026-08-21 12:27:15 - Pipeline - INFO - Cloned model for Source0
2026-08-21 12:27:54 - Pipeline - INFO - Spatial shape of source Point_Source, Alternate model Gaussian_on_sphere
2026-08-21 12:27:54 - Pipeline - INFO - Swapping Source0 spatial shape from Point_Source to Gaussian_on_sphere
2026-08-21 12:27:54 - Pipeline - INFO - Cloned spectrum for Source0
2026-08-21 12:27:54 - Pipeline - INFO - Cloned model for Source0
2026-08-21 12:28:20 - Pipeline - INFO - Spatial shape of source Point_Source, Alternate model Gaussian_on_sphere
2026-08-21 12:28:20 - Pipeline - INFO - Swapping Source0 spatial shape from Point_Source to Gaussian_on_sphere
2026-08-21 12:28:20 - Pipeline - INFO - Cloned spectrum for Source0
2026-08-21 12:28:20 - Pipeline - INFO - Cloned model for Source0
2026-08-21 12:29:02 - Pipeline - INFO - Spatial shape of source Point_Source, Alternate model Gaussian_on_sphere
2026-08-21 12:29:02 - Pipeline - INFO - Swapping Source0 spatial shape from Point_Source to Gaussian_on_sphere
2026-08-21 12:29:02 - Pipeline - INFO - Cloned spectrum for Source0
2026-08-21 12:29:02 - Pipeline - INFO - Cloned model for Source0
2026-08-21 12:29:37 - Pipeline - INFO - Spatial shape of source Point_Source, Alternate model Gaussian_on_sphere
2026-08-21 12:29:37 - Pipeline - INFO - Swapping Source0 spatial shape from Point_Source to Gaussian_on_sphere
2026-08-21 12:29:37 - Pipeline - INFO - Cloned spectrum for Source0
2026-08-21 12:29:37 - Pipeline - INFO - Cloned model for Source0
2026-08-21 12:29:53 - Pipeline - INFO - Spatial shape of source Point_Source, Alternate model Gaussian_on_sphere
2026-08-21 12:29:53 - Pipeline - INFO - Swapping Source0 spatial shape from Point_Source to Gaussian_on_sphere
2026-08-21 12:29:53 - Pipeline - INFO - Cloned spectrum for Source0
2026-08-21 12:29:53 - Pipeline - INFO - Cloned model for Source0
2026-08-21 12:30:01 - Pipeline - INFO - Spatial shape of source Point_Source, Alternate model Gaussian_on_sphere
2026-08-21 12:30:01 - Pipeline - INFO - Swapping Source0 spatial shape from Point_Source to Gaussian_on_sphere
2026-08-21 12:30:01 - Pipeline - INFO - Cloned spectrum for Source0
2026-08-21 12:30:01 - Pipeline - INFO - Cloned model for Source0
2026-08-21 12:30:23 - Pipeline - INFO - Spatial shape of source Point_Source, Alternate model Gaussian_on_sphere
2026-08-21 12:30:23 - Pipeline - INFO - Swapping Source0 spatial shape from Point_Source to Gaussian_on_sphere
2026-08-21 12:30:23 - Pipeline - INFO - Cloned spectrum for Source0
2026-08-21 12:30:23 - Pipeline - INFO - Cloned model for Source0
2026-08-21 12:31:08 - Pipeline - INFO - Spatial shape of source Point_Source, Alternate model Gaussian_on_sphere
2026-08-21 12:31:08 - Pipeline - INFO - Swapping Source0 spatial shape from Point_Source to Gaussian_on_sphere
2026-08-21 12:31:08 - Pipeline - INFO - Cloned spectrum for Source0
2026-08-21 12:31:08 - Pipeline - INFO - Cloned model for Source0
2026-08-21 12:31:08 - Pipeline - INFO - Source URM is an ExtendedSource with spatial shape   * description: Use a 3D template that has morphology and flux information created using
    * the HERMES sky-maps in fits format. Only parameter is the normalization scale factor
    * N.
  * formula: $ N $
  * parameters:
    * N:
      * value: 10.940348713786044
      * desc: normalization scale factor
      * min_value: 0.01
      * max_value: 100.0
      * unit: sr-1
      * is_normalization: false
      * delta: 0.1
      * free: true
    * hash:
      * value: 2.222908696959882e+67
      * desc: hash of model map [needed for memoization]
      * min_value: null
      * max_value: null
      * unit: ''
      * is_normalization: false
      * delta: 0.1
      * free: false
    * ihdu:
      * value: 0.0
      * desc: header unit index of fits file
      * min_value: 0.0
      * max_value: null
      * unit: ''
      * is_normalization: false
      * delta: 0.1
      * free: false
    * fits_file:
      * value: /Users/rishi/Documents/Analysis/Sources/J1813/Hermes3D-allchan.fits.gz
      * desc: fits file to load
      * allowed values: null
      * defer: true
      * function: _load_file
    * frame:
      * value: icrs
      * desc: coordinate frame
      * allowed values:
      * - icrs
      * - galactic
      * - fk5
      * - fk4
      * - fk4_no_e
      * defer: false
      * function: None

2026-08-21 12:31:55 - Pipeline - INFO - Spatial shape of source Point_Source, Alternate model Gaussian_on_sphere
2026-08-21 12:31:55 - Pipeline - INFO - Swapping Source0 spatial shape from Point_Source to Gaussian_on_sphere
2026-08-21 12:31:55 - Pipeline - INFO - Cloned spectrum for Source0
2026-08-21 12:31:55 - Pipeline - INFO - Cloned model for Source0
2026-08-21 12:31:55 - Pipeline - INFO - Source URM is an ExtendedSource with spatial shape Hermes
2026-08-21 12:32:24 - Pipeline - INFO - Spatial shape of source Point_Source, Alternate model Gaussian_on_sphere
2026-08-21 12:32:24 - Pipeline - INFO - Swapping Source0 spatial shape from Point_Source to Gaussian_on_sphere
2026-08-21 12:32:24 - Pipeline - INFO - Cloned spectrum for Source0
2026-08-21 12:32:24 - Pipeline - INFO - Cloned model for Source0
2026-08-21 12:32:24 - Pipeline - INFO - Source URM is an ExtendedSource with spatial shape Hermes
2026-08-21 12:33:54 - Pipeline - INFO - Spatial shape of source Point_Source, Alternate model Gaussian_on_sphere
2026-08-21 12:33:54 - Pipeline - INFO - Swapping Source0 spatial shape from Point_Source to Gaussian_on_sphere
2026-08-21 12:33:54 - Pipeline - INFO - Cloned spectrum for Source0
2026-08-21 12:33:54 - Pipeline - INFO - Cloned model for Source0
2026-08-21 12:33:54 - Pipeline - INFO - Source URM is an ExtendedSource with spatial shape Hermes
2026-08-21 12:35:01 - Pipeline - INFO - Spatial shape of source Point_Source, Alternate model Gaussian_on_sphere
2026-08-21 12:35:01 - Pipeline - INFO - Swapping Source0 spatial shape from Point_Source to Gaussian_on_sphere
2026-08-21 12:35:02 - Pipeline - INFO - Cloned spectrum for Source0
2026-08-21 12:35:02 - Pipeline - INFO - Cloned model for Source0
2026-08-21 12:35:02 - Pipeline - INFO - Source URM is an ExtendedSource with spatial shape Hermes
2026-08-21 12:35:03 - Pipeline - INFO - Cloned spatial shape for URM
2026-08-21 12:35:03 - Pipeline - INFO - Source Source1 is an ExtendedSource with spatial shape Gaussian_on_sphere
2026-08-21 12:35:04 - Pipeline - INFO - Cloned spatial shape for Source1
2026-08-21 12:35:04 - Pipeline - INFO - Source Source2 is an ExtendedSource with spatial shape Gaussian_on_sphere
2026-08-21 12:35:04 - Pipeline - INFO - Cloned spatial shape for Source2
2026-08-21 12:35:04 - Pipeline - INFO - Swapped Source0 spatial shape -> Gaussian_on_sphere
2026-08-21 12:35:04 - Pipeline - INFO - Skipping extension test for URM (URM source)
2026-08-21 12:35:04 - Pipeline - INFO - Source Source1 already has spatial shape Gaussian_on_sphere, skipping swap
2026-08-21 12:35:04 - Pipeline - INFO - Source Source2 already has spatial shape Gaussian_on_sphere, skipping swap
2026-08-21 12:36:09 - Pipeline - INFO - Spatial shape of source Point_Source, Alternate model Gaussian_on_sphere
2026-08-21 12:36:09 - Pipeline - INFO - Swapping Source0 spatial shape from Point_Source to Gaussian_on_sphere
2026-08-21 12:36:09 - Pipeline - INFO - Cloned spectrum for Source0
2026-08-21 12:36:09 - Pipeline - INFO - Cloned model for Source0
2026-08-21 12:36:10 - Pipeline - INFO - Source URM is an ExtendedSource with spatial shape Hermes
2026-08-21 12:36:10 - Pipeline - INFO - Cloned spatial shape for URM
2026-08-21 12:36:10 - Pipeline - INFO - Source Source1 is an ExtendedSource with spatial shape Gaussian_on_sphere
2026-08-21 12:36:11 - Pipeline - INFO - Cloned spatial shape for Source1
2026-08-21 12:36:11 - Pipeline - INFO - Source Source2 is an ExtendedSource with spatial shape Gaussian_on_sphere
2026-08-21 12:36:12 - Pipeline - INFO - Cloned spatial shape for Source2
2026-08-21 12:36:12 - Pipeline - INFO - Swapped Source0 spatial shape -> Gaussian_on_sphere
2026-08-21 12:36:12 - Pipeline - INFO - Skipping extension test for URM (URM source)
2026-08-21 12:36:12 - Pipeline - INFO - Source Source1 already has spatial shape Gaussian_on_sphere, skipping swap
2026-08-21 12:36:12 - Pipeline - INFO - Source Source2 already has spatial shape Gaussian_on_sphere, skipping swap
2026-08-21 12:36:59 - Pipeline - INFO - Spatial shape of source Point_Source, Alternate model Gaussian_on_sphere
2026-08-21 12:36:59 - Pipeline - INFO - Swapping Source0 spatial shape from Point_Source to Gaussian_on_sphere
2026-08-21 12:36:59 - Pipeline - INFO - Cloned spectrum for Source0
2026-08-21 12:36:59 - Pipeline - INFO - Cloned model for Source0
2026-08-21 12:37:00 - Pipeline - INFO - Source URM is an ExtendedSource with spatial shape Hermes
2026-08-21 12:37:00 - Pipeline - INFO - Cloned spatial shape for URM
2026-08-21 12:37:01 - Pipeline - INFO - Source Source1 is an ExtendedSource with spatial shape Gaussian_on_sphere
2026-08-21 12:37:01 - Pipeline - INFO - Cloned spatial shape for Source1
2026-08-21 12:37:01 - Pipeline - INFO - Source Source2 is an ExtendedSource with spatial shape Gaussian_on_sphere
2026-08-21 12:37:02 - Pipeline - INFO - Cloned spatial shape for Source2
2026-08-21 12:37:02 - Pipeline - INFO - Swapped Source0 spatial shape -> Gaussian_on_sphere
2026-08-21 12:37:02 - Pipeline - INFO - Skipping extension test for URM (URM source)
2026-08-21 12:37:02 - Pipeline - INFO - Source Source1 already has spatial shape Gaussian_on_sphere, skipping swap
2026-08-21 12:37:02 - Pipeline - INFO - Source Source2 already has spatial shape Gaussian_on_sphere, skipping swap
2026-08-21 12:37:28 - Pipeline - INFO - Spatial shape of source Point_Source, Alternate model Gaussian_on_sphere
2026-08-21 12:37:28 - Pipeline - INFO - Swapping Source0 spatial shape from Point_Source to Gaussian_on_sphere
2026-08-21 12:37:28 - Pipeline - INFO - Cloned spectrum for Source0
2026-08-21 12:37:28 - Pipeline - INFO - Cloned model for Source0
2026-08-21 12:37:29 - Pipeline - INFO - Source URM is an ExtendedSource with spatial shape Hermes
2026-08-21 12:37:29 - Pipeline - INFO - Cloned spatial shape for URM
2026-08-21 12:37:29 - Pipeline - INFO - Source Source1 is an ExtendedSource with spatial shape Gaussian_on_sphere
2026-08-21 12:37:30 - Pipeline - INFO - Cloned spatial shape for Source1
2026-08-21 12:37:30 - Pipeline - INFO - Source Source2 is an ExtendedSource with spatial shape Gaussian_on_sphere
2026-08-21 12:37:31 - Pipeline - INFO - Cloned spatial shape for Source2
2026-08-21 12:37:31 - Pipeline - INFO - Swapped Source0 spatial shape -> Gaussian_on_sphere
2026-08-21 12:37:31 - Pipeline - INFO - Model summary:
==============

                  N
Point sources     0
Extended sources  4
Particle sources  0

Free parameters (16):
--------------------

                                           value   min_value   max_value  \
URM.Hermes.N                           10.940349        0.01       100.0   
Source1.Gaussian_on_sphere.lon0       273.504322  272.656364  274.656364   
Source1.Gaussian_on_sphere.lat0       -16.968381  -18.138585  -16.138585   
Source1.Gaussian_on_sphere.sigma        0.368591        0.01         2.0   
Source1.spectrum.main.Powerlaw.K             0.0         0.0         0.0   
Source1.spectrum.main.Powerlaw.index    -2.26494        -3.0        -1.0   
Source2.Gaussian_on_sphere.lon0        272.38307  271.309091  273.309091   
Source2.Gaussian_on_sphere.lat0       -19.359484  -20.573808  -18.573808   
Source2.Gaussian_on_sphere.sigma        0.189078        0.01         2.0   
Source2.spectrum.main.Powerlaw.K             0.0         0.0         0.0   
Source2.spectrum.main.Powerlaw.index   -2.497156        -3.0        -1.0   
Source0.Gaussian_on_sphere.lon0       273.382986  272.382986  274.382986   
Source0.Gaussian_on_sphere.lat0       -17.762818  -18.762818  -16.762818   
Source0.Gaussian_on_sphere.sigma             0.3        0.01         3.0   
Source0.spectrum.main.Powerlaw.K             0.0         0.0         0.0   
Source0.spectrum.main.Powerlaw.index   -2.633093        -3.0        -1.0   

                                                unit  
URM.Hermes.N                                    sr-1  
Source1.Gaussian_on_sphere.lon0                  deg  
Source1.Gaussian_on_sphere.lat0                  deg  
Source1.Gaussian_on_sphere.sigma                 deg  
Source1.spectrum.main.Powerlaw.K      keV-1 s-1 cm-2  
Source1.spectrum.main.Powerlaw.index                  
Source2.Gaussian_on_sphere.lon0                  deg  
Source2.Gaussian_on_sphere.lat0                  deg  
Source2.Gaussian_on_sphere.sigma                 deg  
Source2.spectrum.main.Powerlaw.K      keV-1 s-1 cm-2  
Source2.spectrum.main.Powerlaw.index                  
Source0.Gaussian_on_sphere.lon0                  deg  
Source0.Gaussian_on_sphere.lat0                  deg  
Source0.Gaussian_on_sphere.sigma                 deg  
Source0.spectrum.main.Powerlaw.K      keV-1 s-1 cm-2  
Source0.spectrum.main.Powerlaw.index                  

Fixed parameters (8):
(abridged. Use complete=True to see all fixed parameters)


Properties (2):
--------------------

                                                                  value  \
URM.Hermes.fits_file  /Users/rishi/Documents/Analysis/Sources/J1813/...   
URM.Hermes.frame                                                   icrs   

                                            allowed values  
URM.Hermes.fits_file                                   NaN  
URM.Hermes.frame      [icrs, galactic, fk5, fk4, fk4_no_e]  

Linked parameters (0):
----------------------

(none)

Independent variables:
----------------------

(none)

Linked functions (0):
----------------------

(none)

2026-08-21 12:37:31 - Pipeline - INFO - Skipping extension test for URM (URM source)
2026-08-21 12:37:31 - Pipeline - INFO - Source Source1 already has spatial shape Gaussian_on_sphere, skipping swap
2026-08-21 12:37:31 - Pipeline - INFO - Model summary:
==============

                  N
Point sources     1
Extended sources  3
Particle sources  0

Free parameters (15):
--------------------

                                           value   min_value   max_value  \
URM.Hermes.N                           10.940349        0.01       100.0   
Source0.position.ra                   273.382986  272.388131  274.388131   
Source0.position.dec                  -17.762818  -18.771011  -16.771011   
Source0.spectrum.main.Powerlaw.K             0.0         0.0         0.0   
Source0.spectrum.main.Powerlaw.index   -2.633093        -3.0        -1.0   
Source1.Gaussian_on_sphere.lon0       273.504322  272.656364  274.656364   
Source1.Gaussian_on_sphere.lat0       -16.968381  -18.138585  -16.138585   
Source1.Gaussian_on_sphere.sigma        0.368591        0.01         2.0   
Source1.spectrum.main.Powerlaw.K             0.0         0.0         0.0   
Source1.spectrum.main.Powerlaw.index    -2.26494        -3.0        -1.0   
Source2.Gaussian_on_sphere.lon0        272.38307  271.309091  273.309091   
Source2.Gaussian_on_sphere.lat0       -19.359484  -20.573808  -18.573808   
Source2.Gaussian_on_sphere.sigma        0.189078        0.01         2.0   
Source2.spectrum.main.Powerlaw.K             0.0         0.0         0.0   
Source2.spectrum.main.Powerlaw.index   -2.497156        -3.0        -1.0   

                                                unit  
URM.Hermes.N                                    sr-1  
Source0.position.ra                              deg  
Source0.position.dec                             deg  
Source0.spectrum.main.Powerlaw.K      keV-1 s-1 cm-2  
Source0.spectrum.main.Powerlaw.index                  
Source1.Gaussian_on_sphere.lon0                  deg  
Source1.Gaussian_on_sphere.lat0                  deg  
Source1.Gaussian_on_sphere.sigma                 deg  
Source1.spectrum.main.Powerlaw.K      keV-1 s-1 cm-2  
Source1.spectrum.main.Powerlaw.index                  
Source2.Gaussian_on_sphere.lon0                  deg  
Source2.Gaussian_on_sphere.lat0                  deg  
Source2.Gaussian_on_sphere.sigma                 deg  
Source2.spectrum.main.Powerlaw.K      keV-1 s-1 cm-2  
Source2.spectrum.main.Powerlaw.index                  

Fixed parameters (9):
(abridged. Use complete=True to see all fixed parameters)


Properties (2):
--------------------

                                                                  value  \
URM.Hermes.fits_file  /Users/rishi/Documents/Analysis/Sources/J1813/...   
URM.Hermes.frame                                                   icrs   

                                            allowed values  
URM.Hermes.fits_file                                   NaN  
URM.Hermes.frame      [icrs, galactic, fk5, fk4, fk4_no_e]  

Linked parameters (0):
----------------------

(none)

Independent variables:
----------------------

(none)

Linked functions (0):
----------------------

(none)

2026-08-21 12:37:31 - Pipeline - INFO - Source Source2 already has spatial shape Gaussian_on_sphere, skipping swap
2026-08-21 12:37:31 - Pipeline - INFO - Model summary:
==============

                  N
Point sources     1
Extended sources  3
Particle sources  0

Free parameters (15):
--------------------

                                           value   min_value   max_value  \
URM.Hermes.N                           10.940349        0.01       100.0   
Source0.position.ra                   273.382986  272.388131  274.388131   
Source0.position.dec                  -17.762818  -18.771011  -16.771011   
Source0.spectrum.main.Powerlaw.K             0.0         0.0         0.0   
Source0.spectrum.main.Powerlaw.index   -2.633093        -3.0        -1.0   
Source1.Gaussian_on_sphere.lon0       273.504322  272.656364  274.656364   
Source1.Gaussian_on_sphere.lat0       -16.968381  -18.138585  -16.138585   
Source1.Gaussian_on_sphere.sigma        0.368591        0.01         2.0   
Source1.spectrum.main.Powerlaw.K             0.0         0.0         0.0   
Source1.spectrum.main.Powerlaw.index    -2.26494        -3.0        -1.0   
Source2.Gaussian_on_sphere.lon0        272.38307  271.309091  273.309091   
Source2.Gaussian_on_sphere.lat0       -19.359484  -20.573808  -18.573808   
Source2.Gaussian_on_sphere.sigma        0.189078        0.01         2.0   
Source2.spectrum.main.Powerlaw.K             0.0         0.0         0.0   
Source2.spectrum.main.Powerlaw.index   -2.497156        -3.0        -1.0   

                                                unit  
URM.Hermes.N                                    sr-1  
Source0.position.ra                              deg  
Source0.position.dec                             deg  
Source0.spectrum.main.Powerlaw.K      keV-1 s-1 cm-2  
Source0.spectrum.main.Powerlaw.index                  
Source1.Gaussian_on_sphere.lon0                  deg  
Source1.Gaussian_on_sphere.lat0                  deg  
Source1.Gaussian_on_sphere.sigma                 deg  
Source1.spectrum.main.Powerlaw.K      keV-1 s-1 cm-2  
Source1.spectrum.main.Powerlaw.index                  
Source2.Gaussian_on_sphere.lon0                  deg  
Source2.Gaussian_on_sphere.lat0                  deg  
Source2.Gaussian_on_sphere.sigma                 deg  
Source2.spectrum.main.Powerlaw.K      keV-1 s-1 cm-2  
Source2.spectrum.main.Powerlaw.index                  

Fixed parameters (9):
(abridged. Use complete=True to see all fixed parameters)


Properties (2):
--------------------

                                                                  value  \
URM.Hermes.fits_file  /Users/rishi/Documents/Analysis/Sources/J1813/...   
URM.Hermes.frame                                                   icrs   

                                            allowed values  
URM.Hermes.fits_file                                   NaN  
URM.Hermes.frame      [icrs, galactic, fk5, fk4, fk4_no_e]  

Linked parameters (0):
----------------------

(none)

Independent variables:
----------------------

(none)

Linked functions (0):
----------------------

(none)

2026-08-21 12:39:00 - Pipeline - INFO - Spatial shape of source Point_Source, Alternate model Gaussian_on_sphere
2026-08-21 12:39:00 - Pipeline - INFO - Swapping Source0 spatial shape from Point_Source to Gaussian_on_sphere
2026-08-21 12:39:00 - Pipeline - INFO - Cloned spectrum for Source0
2026-08-21 12:39:00 - Pipeline - INFO - Cloned model for Source0
2026-08-21 12:39:01 - Pipeline - INFO - Source URM is an ExtendedSource with spatial shape Hermes
2026-08-21 12:39:01 - Pipeline - INFO - Cloned spatial shape for URM
2026-08-21 12:39:02 - Pipeline - INFO - Source Source1 is an ExtendedSource with spatial shape Gaussian_on_sphere
2026-08-21 12:39:02 - Pipeline - INFO - Cloned spatial shape for Source1
2026-08-21 12:39:02 - Pipeline - INFO - Source Source2 is an ExtendedSource with spatial shape Gaussian_on_sphere
2026-08-21 12:39:03 - Pipeline - INFO - Cloned spatial shape for Source2
2026-08-21 12:39:03 - Pipeline - INFO - Swapped Source0 spatial shape -> Gaussian_on_sphere
2026-08-21 12:39:03 - Pipeline - INFO - Model summary:
==============

                  N
Point sources     0
Extended sources  4
Particle sources  0

Free parameters (14):
--------------------

                                                                                  value  \
URM.Hermes.N                                                                  10.940349   
URM.Hermes.hash                       2222908696959881925548308258948579122572768534...   
URM.Hermes.ihdu                                                                     0.0   
Source1.Gaussian_on_sphere.lon0                                              273.504322   
Source1.Gaussian_on_sphere.lat0                                              -16.968381   
Source1.Gaussian_on_sphere.sigma                                               0.368591   
Source2.Gaussian_on_sphere.lon0                                               272.38307   
Source2.Gaussian_on_sphere.lat0                                              -19.359484   
Source2.Gaussian_on_sphere.sigma                                               0.189078   
Source0.Gaussian_on_sphere.lon0                                              273.382986   
Source0.Gaussian_on_sphere.lat0                                              -17.762818   
Source0.Gaussian_on_sphere.sigma                                                    0.3   
Source0.spectrum.main.Powerlaw.K                                                    0.0   
Source0.spectrum.main.Powerlaw.index                                          -2.633093   

                                       min_value   max_value            unit  
URM.Hermes.N                                0.01       100.0            sr-1  
URM.Hermes.hash                             None        None                  
URM.Hermes.ihdu                              0.0        None                  
Source1.Gaussian_on_sphere.lon0       272.656364  274.656364             deg  
Source1.Gaussian_on_sphere.lat0       -18.138585  -16.138585             deg  
Source1.Gaussian_on_sphere.sigma            0.01         2.0             deg  
Source2.Gaussian_on_sphere.lon0       271.309091  273.309091             deg  
Source2.Gaussian_on_sphere.lat0       -20.573808  -18.573808             deg  
Source2.Gaussian_on_sphere.sigma            0.01         2.0             deg  
Source0.Gaussian_on_sphere.lon0       272.382986  274.382986             deg  
Source0.Gaussian_on_sphere.lat0       -18.762818  -16.762818             deg  
Source0.Gaussian_on_sphere.sigma            0.01         3.0             deg  
Source0.spectrum.main.Powerlaw.K             0.0         0.0  keV-1 s-1 cm-2  
Source0.spectrum.main.Powerlaw.index        -3.0        -1.0                  

Fixed parameters (10):
(abridged. Use complete=True to see all fixed parameters)


Properties (2):
--------------------

                                                                  value  \
URM.Hermes.fits_file  /Users/rishi/Documents/Analysis/Sources/J1813/...   
URM.Hermes.frame                                                   icrs   

                                            allowed values  
URM.Hermes.fits_file                                   NaN  
URM.Hermes.frame      [icrs, galactic, fk5, fk4, fk4_no_e]  

Linked parameters (0):
----------------------

(none)

Independent variables:
----------------------

(none)

Linked functions (0):
----------------------

(none)

2026-08-21 12:39:03 - Pipeline - INFO - Skipping extension test for URM (URM source)
2026-08-21 12:39:03 - Pipeline - INFO - Source Source1 already has spatial shape Gaussian_on_sphere, skipping swap
2026-08-21 12:39:03 - Pipeline - INFO - Model summary:
==============

                  N
Point sources     1
Extended sources  3
Particle sources  0

Free parameters (13):
--------------------

                                                                                  value  \
URM.Hermes.N                                                                  10.940349   
URM.Hermes.hash                       2222908696959881925548308258948579122572768534...   
URM.Hermes.ihdu                                                                     0.0   
Source0.position.ra                                                          273.382986   
Source0.position.dec                                                         -17.762818   
Source1.Gaussian_on_sphere.lon0                                              273.504322   
Source1.Gaussian_on_sphere.lat0                                              -16.968381   
Source1.Gaussian_on_sphere.sigma                                               0.368591   
Source1.spectrum.main.Powerlaw.K                                                    0.0   
Source1.spectrum.main.Powerlaw.index                                           -2.26494   
Source2.Gaussian_on_sphere.lon0                                               272.38307   
Source2.Gaussian_on_sphere.lat0                                              -19.359484   
Source2.Gaussian_on_sphere.sigma                                               0.189078   

                                       min_value   max_value            unit  
URM.Hermes.N                                0.01       100.0            sr-1  
URM.Hermes.hash                             None        None                  
URM.Hermes.ihdu                              0.0        None                  
Source0.position.ra                   272.388131  274.388131             deg  
Source0.position.dec                  -18.771011  -16.771011             deg  
Source1.Gaussian_on_sphere.lon0       272.656364  274.656364             deg  
Source1.Gaussian_on_sphere.lat0       -18.138585  -16.138585             deg  
Source1.Gaussian_on_sphere.sigma            0.01         2.0             deg  
Source1.spectrum.main.Powerlaw.K             0.0         0.0  keV-1 s-1 cm-2  
Source1.spectrum.main.Powerlaw.index        -3.0        -1.0                  
Source2.Gaussian_on_sphere.lon0       271.309091  273.309091             deg  
Source2.Gaussian_on_sphere.lat0       -20.573808  -18.573808             deg  
Source2.Gaussian_on_sphere.sigma            0.01         2.0             deg  

Fixed parameters (11):
(abridged. Use complete=True to see all fixed parameters)


Properties (2):
--------------------

                                                                  value  \
URM.Hermes.fits_file  /Users/rishi/Documents/Analysis/Sources/J1813/...   
URM.Hermes.frame                                                   icrs   

                                            allowed values  
URM.Hermes.fits_file                                   NaN  
URM.Hermes.frame      [icrs, galactic, fk5, fk4, fk4_no_e]  

Linked parameters (0):
----------------------

(none)

Independent variables:
----------------------

(none)

Linked functions (0):
----------------------

(none)

2026-08-21 12:39:03 - Pipeline - INFO - Source Source2 already has spatial shape Gaussian_on_sphere, skipping swap
2026-08-21 12:39:03 - Pipeline - INFO - Model summary:
==============

                  N
Point sources     1
Extended sources  3
Particle sources  0

Free parameters (11):
--------------------

                                                                              value  \
URM.Hermes.N                                                              10.940349   
URM.Hermes.hash                   2222908696959881925548308258948579122572768534...   
URM.Hermes.ihdu                                                                 0.0   
Source0.position.ra                                                      273.382986   
Source0.position.dec                                                     -17.762818   
Source1.Gaussian_on_sphere.lon0                                          273.504322   
Source1.Gaussian_on_sphere.lat0                                          -16.968381   
Source1.Gaussian_on_sphere.sigma                                           0.368591   
Source2.Gaussian_on_sphere.lon0                                           272.38307   
Source2.Gaussian_on_sphere.lat0                                          -19.359484   
Source2.Gaussian_on_sphere.sigma                                           0.189078   

                                   min_value   max_value  unit  
URM.Hermes.N                            0.01       100.0  sr-1  
URM.Hermes.hash                         None        None        
URM.Hermes.ihdu                          0.0        None        
Source0.position.ra               272.388131  274.388131   deg  
Source0.position.dec              -18.771011  -16.771011   deg  
Source1.Gaussian_on_sphere.lon0   272.656364  274.656364   deg  
Source1.Gaussian_on_sphere.lat0   -18.138585  -16.138585   deg  
Source1.Gaussian_on_sphere.sigma        0.01         2.0   deg  
Source2.Gaussian_on_sphere.lon0   271.309091  273.309091   deg  
Source2.Gaussian_on_sphere.lat0   -20.573808  -18.573808   deg  
Source2.Gaussian_on_sphere.sigma        0.01         2.0   deg  

Fixed parameters (13):
(abridged. Use complete=True to see all fixed parameters)


Properties (2):
--------------------

                                                                  value  \
URM.Hermes.fits_file  /Users/rishi/Documents/Analysis/Sources/J1813/...   
URM.Hermes.frame                                                   icrs   

                                            allowed values  
URM.Hermes.fits_file                                   NaN  
URM.Hermes.frame      [icrs, galactic, fk5, fk4, fk4_no_e]  

Linked parameters (0):
----------------------

(none)

Independent variables:
----------------------

(none)

Linked functions (0):
----------------------

(none)

2026-08-21 12:40:54 - Pipeline - INFO - Spatial shape of source Point_Source, Alternate model Gaussian_on_sphere
2026-08-21 12:40:54 - Pipeline - INFO - Swapping Source0 spatial shape from Point_Source to Gaussian_on_sphere
2026-08-21 12:40:54 - Pipeline - INFO - Cloned spectrum for Source0
2026-08-21 12:40:54 - Pipeline - INFO - Cloned model for Source0
2026-08-21 12:40:55 - Pipeline - INFO - Source URM is an ExtendedSource with spatial shape Hermes
2026-08-21 12:40:55 - Pipeline - INFO - Cloned spatial shape for URM
2026-08-21 12:40:56 - Pipeline - INFO - Source Source1 is an ExtendedSource with spatial shape Gaussian_on_sphere
2026-08-21 12:40:56 - Pipeline - INFO - Cloned spatial shape for Source1
2026-08-21 12:40:57 - Pipeline - INFO - Source Source2 is an ExtendedSource with spatial shape Gaussian_on_sphere
2026-08-21 12:40:58 - Pipeline - INFO - Cloned spatial shape for Source2
2026-08-21 12:40:58 - Pipeline - INFO - Swapped Source0 spatial shape -> Gaussian_on_sphere
2026-08-21 12:40:58 - Pipeline - INFO - Skipping extension test for URM (URM source)
2026-08-21 12:40:58 - Pipeline - INFO - Source Source1 already has spatial shape Gaussian_on_sphere, skipping swap
2026-08-21 12:40:58 - Pipeline - INFO - Source Source2 already has spatial shape Gaussian_on_sphere, skipping swap
2026-08-21 12:43:15 - Pipeline - INFO - Spatial shape of source Point_Source, Alternate model Gaussian_on_sphere
2026-08-21 12:43:15 - Pipeline - INFO - Swapping Source0 spatial shape from Point_Source to Gaussian_on_sphere
2026-08-21 12:43:15 - Pipeline - INFO - Cloned spectrum for Source0
2026-08-21 12:43:15 - Pipeline - INFO - Cloned model for Source0
2026-08-21 12:43:16 - Pipeline - INFO - Source URM is an ExtendedSource with spatial shape Hermes
2026-08-21 12:43:16 - Pipeline - INFO - Cloned spatial shape for URM
2026-08-21 12:43:17 - Pipeline - INFO - Source Source1 is an ExtendedSource with spatial shape Gaussian_on_sphere
2026-08-21 12:43:17 - Pipeline - INFO - Cloned spatial shape for Source1
2026-08-21 12:43:17 - Pipeline - INFO - Source Source2 is an ExtendedSource with spatial shape Gaussian_on_sphere
2026-08-21 12:43:18 - Pipeline - INFO - Cloned spatial shape for Source2
2026-08-21 12:43:18 - Pipeline - INFO - Swapped Source0 spatial shape -> Gaussian_on_sphere
2026-08-21 12:43:18 - Pipeline - INFO - Skipping extension test for URM (URM source)
2026-08-21 12:43:18 - Pipeline - INFO - Source Source1 already has spatial shape Gaussian_on_sphere, skipping swap
2026-08-21 12:43:18 - Pipeline - INFO - Source Source2 already has spatial shape Gaussian_on_sphere, skipping swap
2026-08-21 12:43:46 - Pipeline - INFO - Spatial shape of source Point_Source, Alternate model Gaussian_on_sphere
2026-08-21 12:43:46 - Pipeline - INFO - Swapping Source0 spatial shape from Point_Source to Gaussian_on_sphere
2026-08-21 12:43:47 - Pipeline - INFO - Cloned spectrum for Source0
2026-08-21 12:43:47 - Pipeline - INFO - Cloned model for Source0
2026-08-21 12:43:47 - Pipeline - INFO - Source URM is an ExtendedSource with spatial shape Hermes
2026-08-21 12:43:47 - Pipeline - INFO - Cloned spatial shape for URM
2026-08-21 12:43:48 - Pipeline - INFO - Source Source1 is an ExtendedSource with spatial shape Gaussian_on_sphere
2026-08-21 12:43:48 - Pipeline - INFO - Cloned spatial shape for Source1
2026-08-21 12:43:49 - Pipeline - INFO - Source Source2 is an ExtendedSource with spatial shape Gaussian_on_sphere
2026-08-21 12:43:49 - Pipeline - INFO - Cloned spatial shape for Source2
2026-08-21 12:43:49 - Pipeline - INFO - Swapped Source0 spatial shape -> Gaussian_on_sphere
2026-08-21 12:43:49 - Pipeline - INFO - Skipping extension test for URM (URM source)
2026-08-21 12:43:49 - Pipeline - INFO - Source Source1 already has spatial shape Gaussian_on_sphere, skipping swap
2026-08-21 12:43:49 - Pipeline - INFO - Source Source2 already has spatial shape Gaussian_on_sphere, skipping swap
2026-08-21 12:45:09 - Pipeline - INFO - Spatial shape of source Point_Source, Alternate model Gaussian_on_sphere
2026-08-21 12:45:09 - Pipeline - INFO - Swapping Source0 spatial shape from Point_Source to Gaussian_on_sphere
2026-08-21 12:45:09 - Pipeline - INFO - Cloned spectrum for Source0
2026-08-21 12:45:09 - Pipeline - INFO - Cloned model for Source0
2026-08-21 12:45:10 - Pipeline - INFO - Source URM is an ExtendedSource with spatial shape Hermes
2026-08-21 12:45:10 - Pipeline - INFO - Cloned spatial shape for URM
2026-08-21 12:45:10 - Pipeline - INFO - Source Source1 is an ExtendedSource with spatial shape Gaussian_on_sphere
2026-08-21 12:45:11 - Pipeline - INFO - Cloned spatial shape for Source1
2026-08-21 12:45:11 - Pipeline - INFO - Source Source2 is an ExtendedSource with spatial shape Gaussian_on_sphere
2026-08-21 12:45:12 - Pipeline - INFO - Cloned spatial shape for Source2
2026-08-21 12:45:12 - Pipeline - INFO - Swapped Source0 spatial shape -> Gaussian_on_sphere
2026-08-21 12:45:46 - Pipeline - INFO - Spatial shape of source Point_Source, Alternate model Gaussian_on_sphere
2026-08-21 12:45:46 - Pipeline - INFO - Swapping Source0 spatial shape from Point_Source to Gaussian_on_sphere
2026-08-21 12:45:46 - Pipeline - INFO - Cloned spectrum for Source0
2026-08-21 12:45:46 - Pipeline - INFO - Cloned model for Source0
2026-08-21 12:45:47 - Pipeline - INFO - Source URM is an ExtendedSource with spatial shape Hermes
2026-08-21 12:45:47 - Pipeline - INFO - Cloned spatial shape for URM
2026-08-21 12:45:48 - Pipeline - INFO - Source Source1 is an ExtendedSource with spatial shape Gaussian_on_sphere
2026-08-21 12:45:48 - Pipeline - INFO - Cloned spatial shape for Source1
2026-08-21 12:45:49 - Pipeline - INFO - Source Source2 is an ExtendedSource with spatial shape Gaussian_on_sphere
2026-08-21 12:45:49 - Pipeline - INFO - Cloned spatial shape for Source2
2026-08-21 12:45:49 - Pipeline - INFO - Swapped Source0 spatial shape -> Gaussian_on_sphere
2026-08-21 12:46:06 - Pipeline - INFO - Spatial shape of source Point_Source, Alternate model Gaussian_on_sphere
2026-08-21 12:46:06 - Pipeline - INFO - Swapping Source0 spatial shape from Point_Source to Gaussian_on_sphere
2026-08-21 12:46:06 - Pipeline - INFO - Cloned spectrum for Source0
2026-08-21 12:46:06 - Pipeline - INFO - Cloned model for Source0
2026-08-21 12:46:06 - Pipeline - INFO - Source URM is an ExtendedSource with spatial shape Hermes
2026-08-21 12:46:07 - Pipeline - INFO - Cloned spatial shape for URM
2026-08-21 12:46:07 - Pipeline - INFO - Source Source1 is an ExtendedSource with spatial shape Gaussian_on_sphere
2026-08-21 12:46:08 - Pipeline - INFO - Cloned spatial shape for Source1
2026-08-21 12:46:08 - Pipeline - INFO - Source Source2 is an ExtendedSource with spatial shape Gaussian_on_sphere
2026-08-21 12:46:09 - Pipeline - INFO - Cloned spatial shape for Source2
2026-08-21 12:46:09 - Pipeline - INFO - Swapped Source0 spatial shape -> Gaussian_on_sphere
2026-08-21 12:46:38 - Pipeline - INFO - Spatial shape of source Point_Source, Alternate model Gaussian_on_sphere
2026-08-21 12:46:38 - Pipeline - INFO - Swapping Source0 spatial shape from Point_Source to Gaussian_on_sphere
2026-08-21 12:46:38 - Pipeline - INFO - Cloned spectrum for Source0
2026-08-21 12:46:38 - Pipeline - INFO - Cloned model for Source0
2026-08-21 12:46:39 - Pipeline - INFO - Source URM is an ExtendedSource with spatial shape Hermes
2026-08-21 12:46:39 - Pipeline - INFO - Cloned spatial shape for URM
2026-08-21 12:46:41 - Pipeline - INFO - Source Source1 is an ExtendedSource with spatial shape Gaussian_on_sphere
2026-08-21 12:46:41 - Pipeline - INFO - Cloned spatial shape for Source1
2026-08-21 12:46:41 - Pipeline - INFO - Source Source2 is an ExtendedSource with spatial shape Gaussian_on_sphere
2026-08-21 12:46:42 - Pipeline - INFO - Cloned spatial shape for Source2
2026-08-21 12:46:42 - Pipeline - INFO - Swapped Source0 spatial shape -> Gaussian_on_sphere
2026-08-21 12:46:48 - Pipeline - INFO - Spatial shape of source Point_Source, Alternate model Gaussian_on_sphere
2026-08-21 12:46:48 - Pipeline - INFO - Swapping Source0 spatial shape from Point_Source to Gaussian_on_sphere
2026-08-21 12:46:48 - Pipeline - INFO - Cloned spectrum for Source0
2026-08-21 12:46:48 - Pipeline - INFO - Cloned model for Source0
2026-08-21 12:46:49 - Pipeline - INFO - Source URM is an ExtendedSource with spatial shape Hermes
2026-08-21 12:46:49 - Pipeline - INFO - Cloned spatial shape for URM
2026-08-21 12:46:49 - Pipeline - INFO - Source Source1 is an ExtendedSource with spatial shape Gaussian_on_sphere
2026-08-21 12:46:50 - Pipeline - INFO - Cloned spatial shape for Source1
2026-08-21 12:46:50 - Pipeline - INFO - Source Source2 is an ExtendedSource with spatial shape Gaussian_on_sphere
2026-08-21 12:46:50 - Pipeline - INFO - Cloned spatial shape for Source2
2026-08-21 12:46:50 - Pipeline - INFO - Swapped Source0 spatial shape -> Gaussian_on_sphere
2026-08-21 12:46:50 - Pipeline - INFO - Setting spectral parameters for source URM to free=True
2026-08-21 12:46:50 - Pipeline - INFO - Setting spectral parameters for source Source1 to free=True
2026-08-21 12:46:50 - Pipeline - INFO - Setting spectral parameters for source Source2 to free=True
2026-08-21 12:46:50 - Pipeline - INFO - Skipping extension test for URM (URM source)
2026-08-21 12:46:50 - Pipeline - INFO - Source Source1 already has spatial shape Gaussian_on_sphere, skipping swap
2026-08-21 12:46:50 - Pipeline - INFO - Setting spectral parameters for source Source0 to free=True
2026-08-21 12:46:50 - Pipeline - INFO - Setting spectral parameters for source URM to free=True
2026-08-21 12:46:50 - Pipeline - INFO - Setting spectral parameters for source Source2 to free=True
2026-08-21 12:46:50 - Pipeline - INFO - Source Source2 already has spatial shape Gaussian_on_sphere, skipping swap
2026-08-21 12:46:50 - Pipeline - INFO - Setting spectral parameters for source Source0 to free=True
2026-08-21 12:46:50 - Pipeline - INFO - Setting spectral parameters for source URM to free=True
2026-08-21 12:46:50 - Pipeline - INFO - Setting spectral parameters for source Source1 to free=True
2026-08-21 12:48:09 - Pipeline - INFO - Spatial shape of source Point_Source, Alternate model Gaussian_on_sphere
2026-08-21 12:48:09 - Pipeline - INFO - Swapping Source0 spatial shape from Point_Source to Gaussian_on_sphere
2026-08-21 12:48:09 - Pipeline - INFO - Cloned spectrum for Source0
2026-08-21 12:48:09 - Pipeline - INFO - Cloned model for Source0
2026-08-21 12:48:10 - Pipeline - INFO - Source URM is an ExtendedSource with spatial shape Hermes
2026-08-21 12:48:10 - Pipeline - INFO - Cloned spatial shape for URM
2026-08-21 12:48:11 - Pipeline - INFO - Source Source1 is an ExtendedSource with spatial shape Gaussian_on_sphere
2026-08-21 12:48:11 - Pipeline - INFO - Cloned spatial shape for Source1
2026-08-21 12:48:11 - Pipeline - INFO - Source Source2 is an ExtendedSource with spatial shape Gaussian_on_sphere
2026-08-21 12:48:12 - Pipeline - INFO - Cloned spatial shape for Source2
2026-08-21 12:48:12 - Pipeline - INFO - Swapped Source0 spatial shape -> Gaussian_on_sphere
2026-08-21 12:48:12 - Pipeline - INFO - Setting spatial parameters for URM to free=True
2026-08-21 12:48:12 - Pipeline - INFO - Skipping extension test for URM (URM source)
2026-08-21 12:48:12 - Pipeline - INFO - Source Source1 already has spatial shape Gaussian_on_sphere, skipping swap
2026-08-21 12:48:12 - Pipeline - INFO - Setting spatial parameters for URM to free=True
2026-08-21 12:48:12 - Pipeline - INFO - Source Source2 already has spatial shape Gaussian_on_sphere, skipping swap
2026-08-21 12:48:12 - Pipeline - INFO - Setting spatial parameters for URM to free=True
2026-08-21 12:48:54 - Pipeline - INFO - Spatial shape of source Point_Source, Alternate model Gaussian_on_sphere
2026-08-21 12:48:54 - Pipeline - INFO - Swapping Source0 spatial shape from Point_Source to Gaussian_on_sphere
2026-08-21 12:48:54 - Pipeline - INFO - Cloned spectrum for Source0
2026-08-21 12:48:54 - Pipeline - INFO - Cloned model for Source0
2026-08-21 12:48:55 - Pipeline - INFO - Source URM is an ExtendedSource with spatial shape Hermes
2026-08-21 12:48:55 - Pipeline - INFO - Cloned spatial shape for URM
2026-08-21 12:48:55 - Pipeline - INFO - Source Source1 is an ExtendedSource with spatial shape Gaussian_on_sphere
2026-08-21 12:48:56 - Pipeline - INFO - Cloned spatial shape for Source1
2026-08-21 12:48:56 - Pipeline - INFO - Source Source2 is an ExtendedSource with spatial shape Gaussian_on_sphere
2026-08-21 12:48:57 - Pipeline - INFO - Cloned spatial shape for Source2
2026-08-21 12:48:57 - Pipeline - INFO - Swapped Source0 spatial shape -> Gaussian_on_sphere
2026-08-21 12:48:57 - Pipeline - INFO - Setting spatial parameters for URM to free=True
2026-08-21 12:48:57 - Pipeline - INFO - URM spatial parameters: ['N', 'hash', 'ihdu']
2026-08-21 12:48:57 - Pipeline - INFO - Skipping extension test for URM (URM source)
2026-08-21 12:48:57 - Pipeline - INFO - Source Source1 already has spatial shape Gaussian_on_sphere, skipping swap
2026-08-21 12:48:57 - Pipeline - INFO - Setting spatial parameters for URM to free=True
2026-08-21 12:48:57 - Pipeline - INFO - URM spatial parameters: ['N', 'hash', 'ihdu']
2026-08-21 12:48:57 - Pipeline - INFO - Source Source2 already has spatial shape Gaussian_on_sphere, skipping swap
2026-08-21 12:48:57 - Pipeline - INFO - Setting spatial parameters for URM to free=True
2026-08-21 12:48:57 - Pipeline - INFO - URM spatial parameters: ['N', 'hash', 'ihdu']
2026-08-21 12:49:14 - Pipeline - INFO - Spatial shape of source Point_Source, Alternate model Gaussian_on_sphere
2026-08-21 12:49:14 - Pipeline - INFO - Swapping Source0 spatial shape from Point_Source to Gaussian_on_sphere
2026-08-21 12:49:15 - Pipeline - INFO - Cloned spectrum for Source0
2026-08-21 12:49:15 - Pipeline - INFO - Cloned model for Source0
2026-08-21 12:49:15 - Pipeline - INFO - Source URM is an ExtendedSource with spatial shape Hermes
2026-08-21 12:49:16 - Pipeline - INFO - Cloned spatial shape for URM
2026-08-21 12:49:16 - Pipeline - INFO - Source Source1 is an ExtendedSource with spatial shape Gaussian_on_sphere
2026-08-21 12:49:16 - Pipeline - INFO - Cloned spatial shape for Source1
2026-08-21 12:49:17 - Pipeline - INFO - Source Source2 is an ExtendedSource with spatial shape Gaussian_on_sphere
2026-08-21 12:49:17 - Pipeline - INFO - Cloned spatial shape for Source2
2026-08-21 12:49:17 - Pipeline - INFO - Swapped Source0 spatial shape -> Gaussian_on_sphere
2026-08-21 12:49:17 - Pipeline - INFO - Setting spatial parameters for URM to free=True
2026-08-21 12:49:35 - Pipeline - INFO - Spatial shape of source Point_Source, Alternate model Gaussian_on_sphere
2026-08-21 12:49:35 - Pipeline - INFO - Swapping Source0 spatial shape from Point_Source to Gaussian_on_sphere
2026-08-21 12:49:35 - Pipeline - INFO - Cloned spectrum for Source0
2026-08-21 12:49:35 - Pipeline - INFO - Cloned model for Source0
2026-08-21 12:49:36 - Pipeline - INFO - Source URM is an ExtendedSource with spatial shape Hermes
2026-08-21 12:49:36 - Pipeline - INFO - Cloned spatial shape for URM
2026-08-21 12:49:37 - Pipeline - INFO - Source Source1 is an ExtendedSource with spatial shape Gaussian_on_sphere
2026-08-21 12:49:37 - Pipeline - INFO - Cloned spatial shape for Source1
2026-08-21 12:49:38 - Pipeline - INFO - Source Source2 is an ExtendedSource with spatial shape Gaussian_on_sphere
2026-08-21 12:49:38 - Pipeline - INFO - Cloned spatial shape for Source2
2026-08-21 12:49:38 - Pipeline - INFO - Swapped Source0 spatial shape -> Gaussian_on_sphere
2026-08-21 12:49:38 - Pipeline - INFO - Setting spatial parameters for URM to free=True
2026-08-21 15:43:01 - Pipeline - INFO - Spatial shape of source Point_Source, Alternate model Gaussian_on_sphere
2026-08-21 15:43:01 - Pipeline - INFO - Swapping Source0 spatial shape from Point_Source to Gaussian_on_sphere
2026-08-21 15:43:01 - Pipeline - INFO - Cloned spectrum for Source0
2026-08-21 15:43:01 - Pipeline - INFO - Cloned model for Source0
2026-08-21 15:43:02 - Pipeline - INFO - Source URM is an ExtendedSource with spatial shape Hermes
2026-08-21 15:43:02 - Pipeline - INFO - Cloned spatial shape for URM
2026-08-21 15:43:03 - Pipeline - INFO - Source Source1 is an ExtendedSource with spatial shape Gaussian_on_sphere
2026-08-21 15:43:03 - Pipeline - INFO - Cloned spatial shape for Source1
2026-08-21 15:43:03 - Pipeline - INFO - Source Source2 is an ExtendedSource with spatial shape Gaussian_on_sphere
2026-08-21 15:43:04 - Pipeline - INFO - Cloned spatial shape for Source2
2026-08-21 15:43:04 - Pipeline - INFO - Swapped Source0 spatial shape -> Gaussian_on_sphere
2026-08-21 15:43:55 - Pipeline - INFO - Spatial shape of source Point_Source, Alternate model Gaussian_on_sphere
2026-08-21 15:43:55 - Pipeline - INFO - Swapping Source0 spatial shape from Point_Source to Gaussian_on_sphere
2026-08-21 15:43:55 - Pipeline - INFO - Cloned spectrum for Source0
2026-08-21 15:43:55 - Pipeline - INFO - Cloned model for Source0
2026-08-21 15:43:56 - Pipeline - INFO - Source URM is an ExtendedSource with spatial shape Hermes
2026-08-21 15:43:56 - Pipeline - INFO - Cloned spatial shape for URM
2026-08-21 15:43:57 - Pipeline - INFO - Source Source1 is an ExtendedSource with spatial shape Gaussian_on_sphere
2026-08-21 15:43:57 - Pipeline - INFO - Cloned spatial shape for Source1
2026-08-21 15:43:57 - Pipeline - INFO - Source Source2 is an ExtendedSource with spatial shape Gaussian_on_sphere
2026-08-21 15:43:58 - Pipeline - INFO - Cloned spatial shape for Source2
2026-08-21 15:43:58 - Pipeline - INFO - Swapped Source0 spatial shape -> Gaussian_on_sphere
2026-08-21 15:43:58 - Pipeline - INFO - Checking source URM for extension test
2026-08-21 15:43:58 - Pipeline - INFO - Checking source Source1 for extension test
2026-08-21 15:43:58 - Pipeline - INFO - Checking source Source2 for extension test
2026-08-21 15:44:16 - Pipeline - INFO - Spatial shape of source Point_Source, Alternate model Gaussian_on_sphere
2026-08-21 15:44:16 - Pipeline - INFO - Swapping Source0 spatial shape from Point_Source to Gaussian_on_sphere
2026-08-21 15:44:16 - Pipeline - INFO - Cloned spectrum for Source0
2026-08-21 15:44:16 - Pipeline - INFO - Cloned model for Source0
2026-08-21 15:44:17 - Pipeline - INFO - Source URM is an ExtendedSource with spatial shape Hermes
2026-08-21 15:44:17 - Pipeline - INFO - Cloned spatial shape for URM
2026-08-21 15:44:17 - Pipeline - INFO - Source Source1 is an ExtendedSource with spatial shape Gaussian_on_sphere
2026-08-21 15:44:18 - Pipeline - INFO - Cloned spatial shape for Source1
2026-08-21 15:44:18 - Pipeline - INFO - Source Source2 is an ExtendedSource with spatial shape Gaussian_on_sphere
2026-08-21 15:44:19 - Pipeline - INFO - Cloned spatial shape for Source2
2026-08-21 15:44:19 - Pipeline - INFO - Swapped Source0 spatial shape -> Gaussian_on_sphere
2026-08-21 15:44:19 - Pipeline - INFO - Checking source URM for extension test
2026-08-21 15:44:19 - Pipeline - INFO - Checking source Source1 for extension test
2026-08-21 15:44:19 - Pipeline - INFO - Checking source Source2 for extension test
2026-08-21 15:44:19 - Pipeline - INFO - Checking source URM for extension test
2026-08-21 15:44:19 - Pipeline - INFO - Setting diffuse source URM to fixed N=1.0
2026-08-21 15:44:19 - Pipeline - INFO - Checking source Source1 for extension test
2026-08-21 15:44:19 - Pipeline - INFO - Checking source Source2 for extension test
2026-08-21 15:44:19 - Pipeline - INFO - Skipping extension test for URM (URM source)
2026-08-21 15:44:19 - Pipeline - INFO - Source Source1 already has spatial shape Gaussian_on_sphere, skipping swap
2026-08-21 15:44:19 - Pipeline - INFO - Checking source Source0 for extension test
2026-08-21 15:44:19 - Pipeline - INFO - Checking source URM for extension test
2026-08-21 15:44:19 - Pipeline - INFO - Checking source Source2 for extension test
2026-08-21 15:44:19 - Pipeline - INFO - Checking source Source0 for extension test
2026-08-21 15:44:19 - Pipeline - INFO - Checking source URM for extension test
2026-08-21 15:44:19 - Pipeline - INFO - Setting diffuse source URM to fixed N=1.0
2026-08-21 15:44:19 - Pipeline - INFO - Checking source Source2 for extension test
2026-08-21 15:44:19 - Pipeline - INFO - Source Source2 already has spatial shape Gaussian_on_sphere, skipping swap
2026-08-21 15:44:19 - Pipeline - INFO - Checking source Source0 for extension test
2026-08-21 15:44:19 - Pipeline - INFO - Checking source URM for extension test
2026-08-21 15:44:19 - Pipeline - INFO - Checking source Source1 for extension test
2026-08-21 15:44:19 - Pipeline - INFO - Checking source Source0 for extension test
2026-08-21 15:44:19 - Pipeline - INFO - Checking source URM for extension test
2026-08-21 15:44:19 - Pipeline - INFO - Setting diffuse source URM to fixed N=1.0
2026-08-21 15:44:19 - Pipeline - INFO - Checking source Source1 for extension test
2026-08-21 15:44:54 - Pipeline - INFO - Spatial shape of source Point_Source, Alternate model Gaussian_on_sphere
2026-08-21 15:44:54 - Pipeline - INFO - Swapping Source0 spatial shape from Point_Source to Gaussian_on_sphere
2026-08-21 15:44:54 - Pipeline - INFO - Cloned spectrum for Source0
2026-08-21 15:44:54 - Pipeline - INFO - Cloned model for Source0
2026-08-21 15:44:55 - Pipeline - INFO - Source URM is an ExtendedSource with spatial shape Hermes
2026-08-21 15:44:55 - Pipeline - INFO - Cloned spatial shape for URM
2026-08-21 15:44:56 - Pipeline - INFO - Source Source1 is an ExtendedSource with spatial shape Gaussian_on_sphere
2026-08-21 15:44:56 - Pipeline - INFO - Cloned spatial shape for Source1
2026-08-21 15:44:57 - Pipeline - INFO - Source Source2 is an ExtendedSource with spatial shape Gaussian_on_sphere
2026-08-21 15:44:57 - Pipeline - INFO - Cloned spatial shape for Source2
2026-08-21 15:44:57 - Pipeline - INFO - Swapped Source0 spatial shape -> Gaussian_on_sphere
2026-08-21 15:44:57 - Pipeline - INFO - Checking source URM for extension test
2026-08-21 15:44:57 - Pipeline - INFO - Checking source Source1 for extension test
2026-08-21 15:44:57 - Pipeline - INFO - Checking source Source2 for extension test
2026-08-21 15:44:57 - Pipeline - INFO - Checking source URM for extension test
2026-08-21 15:44:57 - Pipeline - INFO - Setting diffuse source URM to fixed N=1.0
2026-08-21 15:44:57 - Pipeline - INFO - Checking source Source1 for extension test
2026-08-21 15:44:57 - Pipeline - INFO - Checking source Source2 for extension test
2026-08-21 15:44:57 - Pipeline - INFO - Skipping extension test for URM (URM source)
2026-08-21 15:44:57 - Pipeline - INFO - Source Source1 already has spatial shape Gaussian_on_sphere, skipping swap
2026-08-21 15:44:57 - Pipeline - INFO - Checking source Source0 for extension test
2026-08-21 15:44:57 - Pipeline - INFO - Checking source URM for extension test
2026-08-21 15:44:57 - Pipeline - INFO - Checking source Source2 for extension test
2026-08-21 15:44:57 - Pipeline - INFO - Checking source Source0 for extension test
2026-08-21 15:44:57 - Pipeline - INFO - Checking source URM for extension test
2026-08-21 15:44:57 - Pipeline - INFO - Setting diffuse source URM to fixed N=1.0
2026-08-21 15:44:57 - Pipeline - INFO - Checking source Source2 for extension test
2026-08-21 15:44:57 - Pipeline - INFO - Source Source2 already has spatial shape Gaussian_on_sphere, skipping swap
2026-08-21 15:44:57 - Pipeline - INFO - Checking source Source0 for extension test
2026-08-21 15:44:57 - Pipeline - INFO - Checking source URM for extension test
2026-08-21 15:44:57 - Pipeline - INFO - Checking source Source1 for extension test
2026-08-21 15:44:57 - Pipeline - INFO - Checking source Source0 for extension test
2026-08-21 15:44:57 - Pipeline - INFO - Checking source URM for extension test
2026-08-21 15:44:57 - Pipeline - INFO - Setting diffuse source URM to fixed N=1.0
2026-08-21 15:44:57 - Pipeline - INFO - Checking source Source1 for extension test
2026-08-21 15:46:20 - Pipeline - INFO - Spatial shape of source Point_Source, Alternate model Gaussian_on_sphere
2026-08-21 15:46:20 - Pipeline - INFO - Swapping Source0 spatial shape from Point_Source to Gaussian_on_sphere
2026-08-21 15:46:21 - Pipeline - INFO - Cloned spectrum for Source0
2026-08-21 15:46:21 - Pipeline - INFO - Cloned model for Source0
2026-08-21 15:46:21 - Pipeline - INFO - Source URM is an ExtendedSource with spatial shape Hermes
2026-08-21 15:46:22 - Pipeline - INFO - Cloned spatial shape for URM
2026-08-21 15:46:22 - Pipeline - INFO - Source Source1 is an ExtendedSource with spatial shape Gaussian_on_sphere
2026-08-21 15:46:22 - Pipeline - INFO - Cloned spatial shape for Source1
2026-08-21 15:46:23 - Pipeline - INFO - Source Source2 is an ExtendedSource with spatial shape Gaussian_on_sphere
2026-08-21 15:46:23 - Pipeline - INFO - Cloned spatial shape for Source2
2026-08-21 15:46:23 - Pipeline - INFO - Swapped Source0 spatial shape -> Gaussian_on_sphere
2026-08-21 15:46:23 - Pipeline - INFO - Checking source URM for extension test
2026-08-21 15:46:23 - Pipeline - INFO - Checking source Source1 for extension test
2026-08-21 15:46:23 - Pipeline - INFO - Checking source Source2 for extension test
2026-08-21 15:46:23 - Pipeline - INFO - Checking source URM for extension test
2026-08-21 15:46:23 - Pipeline - INFO - Setting diffuse source URM to fixed N=1.0
2026-08-21 15:46:23 - Pipeline - INFO - Checking source Source1 for extension test
2026-08-21 15:46:23 - Pipeline - INFO - Checking source Source2 for extension test
2026-08-21 15:46:23 - Pipeline - INFO - Wrote live model file: /Users/rishi/Documents/Analysis/Sources/AstroImageDetection-fitmodel/HAWC-ImageProcessing-3MLFit/hawc_analysis/Run1/Models/Step2-Source0-Extension-Gaussian_on_sphere.model
2026-08-21 15:46:23 - Pipeline - INFO - Skipping extension test for URM (URM source)
2026-08-21 15:46:23 - Pipeline - INFO - Source Source1 already has spatial shape Gaussian_on_sphere, skipping swap
2026-08-21 15:46:23 - Pipeline - INFO - Checking source Source0 for extension test
2026-08-21 15:46:23 - Pipeline - INFO - Checking source URM for extension test
2026-08-21 15:46:23 - Pipeline - INFO - Checking source Source2 for extension test
2026-08-21 15:46:23 - Pipeline - INFO - Checking source Source0 for extension test
2026-08-21 15:46:23 - Pipeline - INFO - Checking source URM for extension test
2026-08-21 15:46:23 - Pipeline - INFO - Setting diffuse source URM to fixed N=1.0
2026-08-21 15:46:23 - Pipeline - INFO - Checking source Source2 for extension test
2026-08-21 15:46:23 - Pipeline - INFO - Wrote live model file: /Users/rishi/Documents/Analysis/Sources/AstroImageDetection-fitmodel/HAWC-ImageProcessing-3MLFit/hawc_analysis/Run1/Models/Step2-Source1-Extension-Gaussian_on_sphere.model
2026-08-21 15:46:23 - Pipeline - INFO - Source Source2 already has spatial shape Gaussian_on_sphere, skipping swap
2026-08-21 15:46:23 - Pipeline - INFO - Checking source Source0 for extension test
2026-08-21 15:46:23 - Pipeline - INFO - Checking source URM for extension test
2026-08-21 15:46:23 - Pipeline - INFO - Checking source Source1 for extension test
2026-08-21 15:46:23 - Pipeline - INFO - Checking source Source0 for extension test
2026-08-21 15:46:23 - Pipeline - INFO - Checking source URM for extension test
2026-08-21 15:46:23 - Pipeline - INFO - Setting diffuse source URM to fixed N=1.0
2026-08-21 15:46:23 - Pipeline - INFO - Checking source Source1 for extension test
2026-08-21 15:46:23 - Pipeline - INFO - Wrote live model file: /Users/rishi/Documents/Analysis/Sources/AstroImageDetection-fitmodel/HAWC-ImageProcessing-3MLFit/hawc_analysis/Run1/Models/Step2-Source2-Extension-Gaussian_on_sphere.model
2026-08-21 15:47:12 - Pipeline - INFO - Spatial shape of source Point_Source, Alternate model Gaussian_on_sphere
2026-08-21 15:47:12 - Pipeline - INFO - Swapping Source0 spatial shape from Point_Source to Gaussian_on_sphere
2026-08-21 15:47:12 - Pipeline - INFO - Cloned spectrum for Source0
2026-08-21 15:47:12 - Pipeline - INFO - Cloned model for Source0
2026-08-21 15:47:13 - Pipeline - INFO - Source URM is an ExtendedSource with spatial shape Hermes
2026-08-21 15:47:13 - Pipeline - INFO - Cloned spatial shape for URM
2026-08-21 15:47:13 - Pipeline - INFO - Source Source1 is an ExtendedSource with spatial shape Gaussian_on_sphere
2026-08-21 15:47:14 - Pipeline - INFO - Cloned spatial shape for Source1
2026-08-21 15:47:16 - Pipeline - INFO - Source Source2 is an ExtendedSource with spatial shape Gaussian_on_sphere
2026-08-21 15:47:16 - Pipeline - INFO - Cloned spatial shape for Source2
2026-08-21 15:47:16 - Pipeline - INFO - Swapped Source0 spatial shape -> Gaussian_on_sphere
2026-08-21 15:47:16 - Pipeline - INFO - Checking source URM for extension test
2026-08-21 15:47:16 - Pipeline - INFO - Checking source Source1 for extension test
2026-08-21 15:47:16 - Pipeline - INFO - Checking source Source2 for extension test
2026-08-21 15:47:16 - Pipeline - INFO - Checking source URM for extension test
2026-08-21 15:47:16 - Pipeline - INFO - Setting diffuse source URM to fixed N=1.0
2026-08-21 15:47:16 - Pipeline - INFO - Checking source Source1 for extension test
2026-08-21 15:47:16 - Pipeline - INFO - Checking source Source2 for extension test
2026-08-21 15:47:16 - Pipeline - INFO - Wrote live model file: /Users/rishi/Documents/Analysis/Sources/AstroImageDetection-fitmodel/HAWC-ImageProcessing-3MLFit/hawc_analysis/Run1/Models/Step2-Source0-Extension-Gaussian_on_sphere.model
2026-08-21 15:47:16 - Pipeline - INFO - Skipping extension test for URM (URM source)
2026-08-21 15:47:16 - Pipeline - INFO - Source Source1 already has spatial shape Gaussian_on_sphere, skipping swap
2026-08-21 15:47:16 - Pipeline - INFO - Checking source Source0 for extension test
2026-08-21 15:47:16 - Pipeline - INFO - Checking source URM for extension test
2026-08-21 15:47:16 - Pipeline - INFO - Checking source Source2 for extension test
2026-08-21 15:47:16 - Pipeline - INFO - Checking source Source0 for extension test
2026-08-21 15:47:16 - Pipeline - INFO - Checking source URM for extension test
2026-08-21 15:47:16 - Pipeline - INFO - Setting diffuse source URM to fixed N=1.0
2026-08-21 15:47:16 - Pipeline - INFO - Checking source Source2 for extension test
2026-08-21 15:47:16 - Pipeline - INFO - Wrote live model file: /Users/rishi/Documents/Analysis/Sources/AstroImageDetection-fitmodel/HAWC-ImageProcessing-3MLFit/hawc_analysis/Run1/Models/Step2-Source1-Extension-Gaussian_on_sphere.model
2026-08-21 15:47:16 - Pipeline - INFO - Source Source2 already has spatial shape Gaussian_on_sphere, skipping swap
2026-08-21 15:47:16 - Pipeline - INFO - Checking source Source0 for extension test
2026-08-21 15:47:16 - Pipeline - INFO - Checking source URM for extension test
2026-08-21 15:47:16 - Pipeline - INFO - Checking source Source1 for extension test
2026-08-21 15:47:16 - Pipeline - INFO - Checking source Source0 for extension test
2026-08-21 15:47:16 - Pipeline - INFO - Checking source URM for extension test
2026-08-21 15:47:16 - Pipeline - INFO - Setting diffuse source URM to fixed N=1.0
2026-08-21 15:47:16 - Pipeline - INFO - Checking source Source1 for extension test
2026-08-21 15:47:16 - Pipeline - INFO - Wrote live model file: /Users/rishi/Documents/Analysis/Sources/AstroImageDetection-fitmodel/HAWC-ImageProcessing-3MLFit/hawc_analysis/Run1/Models/Step2-Source2-Extension-Gaussian_on_sphere.model
2026-08-21 15:47:41 - Pipeline - INFO - Spatial shape of source Point_Source, Alternate model Gaussian_on_sphere
2026-08-21 15:47:41 - Pipeline - INFO - Swapping Source0 spatial shape from Point_Source to Gaussian_on_sphere
2026-08-21 15:47:41 - Pipeline - INFO - Cloned spectrum for Source0
2026-08-21 15:47:41 - Pipeline - INFO - Cloned model for Source0
2026-08-21 15:47:42 - Pipeline - INFO - Source URM is an ExtendedSource with spatial shape Hermes
2026-08-21 15:47:42 - Pipeline - INFO - Cloned spatial shape for URM
2026-08-21 15:47:43 - Pipeline - INFO - Source Source1 is an ExtendedSource with spatial shape Gaussian_on_sphere
2026-08-21 15:47:43 - Pipeline - INFO - Cloned spatial shape for Source1
2026-08-21 15:47:43 - Pipeline - INFO - Source Source2 is an ExtendedSource with spatial shape Gaussian_on_sphere
2026-08-21 15:47:44 - Pipeline - INFO - Cloned spatial shape for Source2
2026-08-21 15:47:44 - Pipeline - INFO - Swapped Source0 spatial shape -> Gaussian_on_sphere
2026-08-21 15:47:44 - Pipeline - INFO - Checking source URM for extension test
2026-08-21 15:47:44 - Pipeline - INFO - Checking source Source1 for extension test
2026-08-21 15:47:44 - Pipeline - INFO - Checking source Source2 for extension test
2026-08-21 15:47:44 - Pipeline - INFO - Checking source URM for extension test
2026-08-21 15:47:44 - Pipeline - INFO - Setting diffuse source URM to fixed N=1.0
2026-08-21 15:47:44 - Pipeline - INFO - Checking source Source1 for extension test
2026-08-21 15:47:44 - Pipeline - INFO - Checking source Source2 for extension test
2026-08-21 15:47:44 - Pipeline - INFO - Wrote live model file: /Users/rishi/Documents/Analysis/Sources/AstroImageDetection-fitmodel/HAWC-ImageProcessing-3MLFit/hawc_analysis/Run1/Models/Step2-Source0-Extension-Gaussian_on_sphere.model
2026-08-21 15:47:44 - Pipeline - INFO - Skipping extension test for URM (URM source)
2026-08-21 15:47:44 - Pipeline - INFO - Source Source1 already has spatial shape Gaussian_on_sphere, skipping swap
2026-08-21 15:47:44 - Pipeline - INFO - Checking source Source0 for extension test
2026-08-21 15:47:44 - Pipeline - INFO - Checking source URM for extension test
2026-08-21 15:47:44 - Pipeline - INFO - Checking source Source2 for extension test
2026-08-21 15:47:44 - Pipeline - INFO - Checking source Source0 for extension test
2026-08-21 15:47:44 - Pipeline - INFO - Checking source URM for extension test
2026-08-21 15:47:44 - Pipeline - INFO - Setting diffuse source URM to fixed N=1.0
2026-08-21 15:47:44 - Pipeline - INFO - Checking source Source2 for extension test
2026-08-21 15:47:44 - Pipeline - INFO - Wrote live model file: /Users/rishi/Documents/Analysis/Sources/AstroImageDetection-fitmodel/HAWC-ImageProcessing-3MLFit/hawc_analysis/Run1/Models/Step2-Source1-Extension-Gaussian_on_sphere.model
2026-08-21 15:47:44 - Pipeline - INFO - Source Source2 already has spatial shape Gaussian_on_sphere, skipping swap
2026-08-21 15:47:44 - Pipeline - INFO - Checking source Source0 for extension test
2026-08-21 15:47:44 - Pipeline - INFO - Checking source URM for extension test
2026-08-21 15:47:44 - Pipeline - INFO - Checking source Source1 for extension test
2026-08-21 15:47:44 - Pipeline - INFO - Checking source Source0 for extension test
2026-08-21 15:47:44 - Pipeline - INFO - Checking source URM for extension test
2026-08-21 15:47:44 - Pipeline - INFO - Setting diffuse source URM to fixed N=1.0
2026-08-21 15:47:44 - Pipeline - INFO - Checking source Source1 for extension test
2026-08-21 15:47:44 - Pipeline - INFO - Wrote live model file: /Users/rishi/Documents/Analysis/Sources/AstroImageDetection-fitmodel/HAWC-ImageProcessing-3MLFit/hawc_analysis/Run1/Models/Step2-Source2-Extension-Gaussian_on_sphere.model
2026-08-21 15:53:02 - Pipeline - INFO - Spatial shape of source Point_Source, Alternate model Gaussian_on_sphere
2026-08-21 15:53:02 - Pipeline - INFO - Swapping Source0 spatial shape from Point_Source to Gaussian_on_sphere
2026-08-21 15:53:02 - Pipeline - INFO - Cloned spectrum for Source0
2026-08-21 15:53:02 - Pipeline - INFO - Cloned model for Source0
2026-08-21 15:53:03 - Pipeline - INFO - Source URM is an ExtendedSource with spatial shape Hermes
2026-08-21 15:53:03 - Pipeline - INFO - Cloned spatial shape for URM
2026-08-21 15:53:04 - Pipeline - INFO - Source Source1 is an ExtendedSource with spatial shape Gaussian_on_sphere
2026-08-21 15:53:04 - Pipeline - INFO - Cloned spatial shape for Source1
2026-08-21 15:53:05 - Pipeline - INFO - Source Source2 is an ExtendedSource with spatial shape Gaussian_on_sphere
2026-08-21 15:53:05 - Pipeline - INFO - Cloned spatial shape for Source2
2026-08-21 15:53:05 - Pipeline - INFO - Swapped Source0 spatial shape -> Gaussian_on_sphere
2026-08-21 15:53:05 - Pipeline - INFO - Checking source URM for extension test
2026-08-21 15:53:05 - Pipeline - INFO - Checking source Source1 for extension test
2026-08-21 15:53:05 - Pipeline - INFO - Checking source Source2 for extension test
2026-08-21 15:53:05 - Pipeline - INFO - Checking source URM for extension test
2026-08-21 15:53:05 - Pipeline - INFO - Setting diffuse source URM to fixed N=1.0
2026-08-21 15:53:05 - Pipeline - INFO - Checking source Source1 for extension test
2026-08-21 15:53:05 - Pipeline - INFO - Checking source Source2 for extension test
2026-08-21 15:53:05 - Pipeline - INFO - Wrote live model file: /Users/rishi/Documents/Analysis/Sources/AstroImageDetection-fitmodel/HAWC-ImageProcessing-3MLFit/hawc_analysis/Run1/Models/Step2-Source0-Extension-Gaussian_on_sphere.model
2026-08-21 15:53:19 - Pipeline - INFO - Spatial shape of source Point_Source, Alternate model Gaussian_on_sphere
2026-08-21 15:53:19 - Pipeline - INFO - Swapping Source0 spatial shape from Point_Source to Gaussian_on_sphere
2026-08-21 15:53:19 - Pipeline - INFO - Cloned spectrum for Source0
2026-08-21 15:53:19 - Pipeline - INFO - Cloned model for Source0
2026-08-21 15:53:19 - Pipeline - INFO - Source URM is an ExtendedSource with spatial shape Hermes
2026-08-21 15:53:20 - Pipeline - INFO - Cloned spatial shape for URM
2026-08-21 15:53:20 - Pipeline - INFO - Source Source1 is an ExtendedSource with spatial shape Gaussian_on_sphere
2026-08-21 15:53:21 - Pipeline - INFO - Cloned spatial shape for Source1
2026-08-21 15:53:21 - Pipeline - INFO - Source Source2 is an ExtendedSource with spatial shape Gaussian_on_sphere
2026-08-21 15:53:21 - Pipeline - INFO - Cloned spatial shape for Source2
2026-08-21 15:53:21 - Pipeline - INFO - Swapped Source0 spatial shape -> Gaussian_on_sphere
2026-08-21 15:53:21 - Pipeline - INFO - Checking source URM for extension test
2026-08-21 15:53:21 - Pipeline - INFO - Checking source Source1 for extension test
2026-08-21 15:53:21 - Pipeline - INFO - Checking source Source2 for extension test
2026-08-21 15:53:21 - Pipeline - INFO - Checking source URM for extension test
2026-08-21 15:53:21 - Pipeline - INFO - Setting diffuse source URM to fixed N=1.0
2026-08-21 15:53:21 - Pipeline - INFO - Checking source Source1 for extension test
2026-08-21 15:53:21 - Pipeline - INFO - Checking source Source2 for extension test
2026-08-21 15:53:21 - Pipeline - INFO - Wrote live model file: /Users/rishi/Documents/Analysis/Sources/AstroImageDetection-fitmodel/HAWC-ImageProcessing-3MLFit/hawc_analysis/Run1/Models/Step2-Source0-Extension-Gaussian_on_sphere.model
2026-08-21 15:53:59 - Pipeline - INFO - Spatial shape of source Point_Source, Alternate model Gaussian_on_sphere
2026-08-21 15:53:59 - Pipeline - INFO - Swapping Source0 spatial shape from Point_Source to Gaussian_on_sphere
2026-08-21 15:54:00 - Pipeline - INFO - Cloned spectrum for Source0
2026-08-21 15:54:00 - Pipeline - INFO - Cloned model for Source0
2026-08-21 15:54:00 - Pipeline - INFO - Source URM is an ExtendedSource with spatial shape Hermes
2026-08-21 15:54:01 - Pipeline - INFO - Cloned spatial shape for URM
2026-08-21 15:54:01 - Pipeline - INFO - Source Source1 is an ExtendedSource with spatial shape Gaussian_on_sphere
2026-08-21 15:54:01 - Pipeline - INFO - Cloned spatial shape for Source1
2026-08-21 15:54:02 - Pipeline - INFO - Source Source2 is an ExtendedSource with spatial shape Gaussian_on_sphere
2026-08-21 15:54:02 - Pipeline - INFO - Cloned spatial shape for Source2
2026-08-21 15:54:02 - Pipeline - INFO - Swapped Source0 spatial shape -> Gaussian_on_sphere
2026-08-21 15:54:02 - Pipeline - INFO - Checking source URM for extension test
2026-08-21 15:54:02 - Pipeline - INFO - Checking source Source1 for extension test
2026-08-21 15:54:02 - Pipeline - INFO - Checking source Source2 for extension test
2026-08-21 15:54:02 - Pipeline - INFO - Checking source URM for extension test
2026-08-21 15:54:02 - Pipeline - INFO - Setting diffuse source URM to fixed N=1.0
2026-08-21 15:54:02 - Pipeline - INFO - Checking source Source1 for extension test
2026-08-21 15:54:02 - Pipeline - INFO - Checking source Source2 for extension test
2026-08-21 15:54:02 - Pipeline - INFO - Wrote live model file: /Users/rishi/Documents/Analysis/Sources/AstroImageDetection-fitmodel/HAWC-ImageProcessing-3MLFit/hawc_analysis/Run1/Models/Step2-Source0-Extension-Gaussian_on_sphere.model
2026-08-21 15:54:02 - Pipeline - INFO - Skipping extension test for URM (URM source)
2026-08-21 15:54:02 - Pipeline - INFO - Source Source1 already has spatial shape Gaussian_on_sphere, skipping swap
2026-08-21 15:54:02 - Pipeline - INFO - Checking source Source0 for extension test
2026-08-21 15:54:02 - Pipeline - INFO - Checking source URM for extension test
2026-08-21 15:54:02 - Pipeline - INFO - Checking source Source2 for extension test
2026-08-21 15:54:02 - Pipeline - INFO - Checking source Source0 for extension test
2026-08-21 15:54:02 - Pipeline - INFO - Checking source URM for extension test
2026-08-21 15:54:02 - Pipeline - INFO - Setting diffuse source URM to fixed N=1.0
2026-08-21 15:54:02 - Pipeline - INFO - Checking source Source2 for extension test
2026-08-21 15:54:02 - Pipeline - INFO - Wrote live model file: /Users/rishi/Documents/Analysis/Sources/AstroImageDetection-fitmodel/HAWC-ImageProcessing-3MLFit/hawc_analysis/Run1/Models/Step2-Source1-Extension-Gaussian_on_sphere.model
2026-08-21 15:55:24 - Pipeline - INFO - Spatial shape of source Point_Source, Alternate model Gaussian_on_sphere
2026-08-21 15:55:24 - Pipeline - INFO - Swapping Source0 spatial shape from Point_Source to Gaussian_on_sphere
2026-08-21 15:55:24 - Pipeline - INFO - Cloned spectrum for Source0
2026-08-21 15:55:24 - Pipeline - INFO - Cloned model for Source0
2026-08-21 15:55:25 - Pipeline - INFO - Source URM is an ExtendedSource with spatial shape Hermes
2026-08-21 15:55:26 - Pipeline - INFO - Cloned spatial shape for URM
2026-08-21 15:55:26 - Pipeline - INFO - Source Source1 is an ExtendedSource with spatial shape Gaussian_on_sphere
2026-08-21 15:55:26 - Pipeline - INFO - Cloned spatial shape for Source1
2026-08-21 15:55:27 - Pipeline - INFO - Source Source2 is an ExtendedSource with spatial shape Gaussian_on_sphere
2026-08-21 15:55:27 - Pipeline - INFO - Cloned spatial shape for Source2
2026-08-21 15:55:27 - Pipeline - INFO - Swapped Source0 spatial shape -> Gaussian_on_sphere
2026-08-21 15:55:27 - Pipeline - INFO - Checking source URM for extension test
2026-08-21 15:55:27 - Pipeline - INFO - Checking source Source1 for extension test
2026-08-21 15:55:27 - Pipeline - INFO - Checking source Source2 for extension test
2026-08-21 15:55:27 - Pipeline - INFO - Checking source URM for extension test
2026-08-21 15:55:27 - Pipeline - INFO - Setting diffuse source URM to fixed N=1.0
2026-08-21 15:55:27 - Pipeline - INFO - Checking source Source1 for extension test
2026-08-21 15:55:27 - Pipeline - INFO - Checking source Source2 for extension test
2026-08-21 15:55:27 - Pipeline - INFO - Wrote live model file: /Users/rishi/Documents/Analysis/Sources/AstroImageDetection-fitmodel/HAWC-ImageProcessing-3MLFit/hawc_analysis/Run1/Models/Step2-Source0-Extension-Gaussian_on_sphere.model
2026-08-21 15:55:27 - Pipeline - INFO - Skipping extension test for URM (URM source)
2026-08-21 15:55:27 - Pipeline - INFO - Source Source1 already has spatial shape Gaussian_on_sphere, skipping swap
2026-08-21 15:55:27 - Pipeline - INFO - Checking source Source0 for extension test
2026-08-21 15:55:27 - Pipeline - INFO - Checking source URM for extension test
2026-08-21 15:55:27 - Pipeline - INFO - Checking source Source2 for extension test
2026-08-21 15:55:27 - Pipeline - INFO - Checking source Source0 for extension test
2026-08-21 15:55:27 - Pipeline - INFO - Checking source URM for extension test
2026-08-21 15:55:27 - Pipeline - INFO - Setting diffuse source URM to fixed N=1.0
2026-08-21 15:55:27 - Pipeline - INFO - Checking source Source2 for extension test
2026-08-21 15:55:27 - Pipeline - INFO - Wrote live model file: /Users/rishi/Documents/Analysis/Sources/AstroImageDetection-fitmodel/HAWC-ImageProcessing-3MLFit/hawc_analysis/Run1/Models/Step2-Source1-Extension-Gaussian_on_sphere.model
2026-08-21 15:55:27 - Pipeline - INFO - Writing position parameter ra and param {'value': 273.3829861012103, 'desc': 'Right Ascension', 'min_value': 272.3881313466892, 'max_value': 274.3881313466892, 'unit': 'deg', 'is_normalization': False, 'delta': 27.33881313466892, 'free': False} for source Source0
2026-08-21 15:55:27 - Pipeline - INFO - Writing position parameter dec and param {'value': -17.762817599918286, 'desc': 'Declination', 'min_value': -18.771011291553847, 'max_value': -16.771011291553847, 'unit': 'deg', 'is_normalization': False, 'delta': 1.7771011291553849, 'free': False} for source Source0
2026-08-21 15:55:27 - Pipeline - INFO - Writing position parameter equinox and param J2000 for source Source0
2026-08-21 16:03:51 - Pipeline - INFO - Spatial shape of source Point_Source, Alternate model Gaussian_on_sphere
2026-08-21 16:03:51 - Pipeline - INFO - Swapping Source0 spatial shape from Point_Source to Gaussian_on_sphere
2026-08-21 16:03:51 - Pipeline - INFO - Cloned spectrum for Source0
2026-08-21 16:03:51 - Pipeline - INFO - Cloned model for Source0
2026-08-21 16:03:51 - Pipeline - INFO - Source URM is an ExtendedSource with spatial shape Hermes
2026-08-21 16:03:52 - Pipeline - INFO - Cloned spatial shape for URM
2026-08-21 16:03:52 - Pipeline - INFO - Source Source1 is an ExtendedSource with spatial shape Gaussian_on_sphere
2026-08-21 16:03:53 - Pipeline - INFO - Cloned spatial shape for Source1
2026-08-21 16:03:53 - Pipeline - INFO - Source Source2 is an ExtendedSource with spatial shape Gaussian_on_sphere
2026-08-21 16:03:53 - Pipeline - INFO - Cloned spatial shape for Source2
2026-08-21 16:03:53 - Pipeline - INFO - Swapped Source0 spatial shape -> Gaussian_on_sphere
2026-08-21 16:03:53 - Pipeline - INFO - Checking source URM for extension test
2026-08-21 16:03:53 - Pipeline - INFO - Setting diffuse source URM to fixed N=1.0
2026-08-21 16:03:53 - Pipeline - INFO - Checking source Source1 for extension test
2026-08-21 16:03:53 - Pipeline - INFO - Checking source Source2 for extension test
2026-08-21 16:03:53 - Pipeline - INFO - Checking source URM for extension test
2026-08-21 16:03:53 - Pipeline - INFO - Checking source Source1 for extension test
2026-08-21 16:03:53 - Pipeline - INFO - Checking source Source2 for extension test
2026-08-21 16:03:53 - Pipeline - INFO - Wrote live model file: /Users/rishi/Documents/Analysis/Sources/AstroImageDetection-fitmodel/HAWC-ImageProcessing-3MLFit/hawc_analysis/Run1/Models/Step2-Source0-Extension-Gaussian_on_sphere.model
2026-08-21 16:03:53 - Pipeline - INFO - Skipping extension test for URM (URM source)
2026-08-21 16:03:53 - Pipeline - INFO - Source Source1 already has spatial shape Gaussian_on_sphere, skipping swap
2026-08-21 16:03:53 - Pipeline - INFO - Checking source Source0 for extension test
2026-08-21 16:03:53 - Pipeline - INFO - Checking source URM for extension test
2026-08-21 16:03:53 - Pipeline - INFO - Setting diffuse source URM to fixed N=1.0
2026-08-21 16:03:53 - Pipeline - INFO - Checking source Source2 for extension test
2026-08-21 16:03:53 - Pipeline - INFO - Checking source Source0 for extension test
2026-08-21 16:03:53 - Pipeline - INFO - Checking source URM for extension test
2026-08-21 16:03:53 - Pipeline - INFO - Checking source Source2 for extension test
2026-08-21 16:03:53 - Pipeline - INFO - Wrote live model file: /Users/rishi/Documents/Analysis/Sources/AstroImageDetection-fitmodel/HAWC-ImageProcessing-3MLFit/hawc_analysis/Run1/Models/Step2-Source1-Extension-Gaussian_on_sphere.model
2026-08-21 16:03:53 - Pipeline - INFO - Source Source2 already has spatial shape Gaussian_on_sphere, skipping swap
2026-08-21 16:03:53 - Pipeline - INFO - Checking source Source0 for extension test
2026-08-21 16:03:53 - Pipeline - INFO - Checking source URM for extension test
2026-08-21 16:03:53 - Pipeline - INFO - Setting diffuse source URM to fixed N=1.0
2026-08-21 16:03:53 - Pipeline - INFO - Checking source Source1 for extension test
2026-08-21 16:03:53 - Pipeline - INFO - Checking source Source0 for extension test
2026-08-21 16:03:53 - Pipeline - INFO - Checking source URM for extension test
2026-08-21 16:03:53 - Pipeline - INFO - Checking source Source1 for extension test
2026-08-21 16:03:53 - Pipeline - INFO - Wrote live model file: /Users/rishi/Documents/Analysis/Sources/AstroImageDetection-fitmodel/HAWC-ImageProcessing-3MLFit/hawc_analysis/Run1/Models/Step2-Source2-Extension-Gaussian_on_sphere.model
2026-08-21 16:04:07 - Pipeline - INFO - Spatial shape of source Point_Source, Alternate model Gaussian_on_sphere
2026-08-21 16:04:07 - Pipeline - INFO - Swapping Source0 spatial shape from Point_Source to Gaussian_on_sphere
2026-08-21 16:04:07 - Pipeline - INFO - Cloned spectrum for Source0
2026-08-21 16:04:07 - Pipeline - INFO - Cloned model for Source0
2026-08-21 16:04:08 - Pipeline - INFO - Source URM is an ExtendedSource with spatial shape Hermes
2026-08-21 16:04:08 - Pipeline - INFO - Cloned spatial shape for URM
2026-08-21 16:04:09 - Pipeline - INFO - Source Source1 is an ExtendedSource with spatial shape Gaussian_on_sphere
2026-08-21 16:04:09 - Pipeline - INFO - Cloned spatial shape for Source1
2026-08-21 16:04:09 - Pipeline - INFO - Source Source2 is an ExtendedSource with spatial shape Gaussian_on_sphere
2026-08-21 16:04:10 - Pipeline - INFO - Cloned spatial shape for Source2
2026-08-21 16:04:10 - Pipeline - INFO - Swapped Source0 spatial shape -> Gaussian_on_sphere
2026-08-21 16:04:10 - Pipeline - INFO - Checking source URM for extension test
2026-08-21 16:04:10 - Pipeline - INFO - Setting diffuse source URM to fixed N=1.0
2026-08-21 16:04:10 - Pipeline - INFO - Checking source Source1 for extension test
2026-08-21 16:04:10 - Pipeline - INFO - Checking source Source2 for extension test
2026-08-21 16:04:10 - Pipeline - INFO - Checking source URM for extension test
2026-08-21 16:04:10 - Pipeline - INFO - Checking source Source1 for extension test
2026-08-21 16:04:10 - Pipeline - INFO - Checking source Source2 for extension test
2026-08-21 16:04:10 - Pipeline - INFO - Wrote live model file: /Users/rishi/Documents/Analysis/Sources/AstroImageDetection-fitmodel/HAWC-ImageProcessing-3MLFit/hawc_analysis/Run1/Models/Step2-Source0-Extension-Gaussian_on_sphere.model
2026-08-21 16:04:10 - Pipeline - INFO - Skipping extension test for URM (URM source)
2026-08-21 16:04:10 - Pipeline - INFO - Source Source1 already has spatial shape Gaussian_on_sphere, skipping swap
2026-08-21 16:04:10 - Pipeline - INFO - Checking source Source0 for extension test
2026-08-21 16:04:10 - Pipeline - INFO - Checking source URM for extension test
2026-08-21 16:04:10 - Pipeline - INFO - Setting diffuse source URM to fixed N=1.0
2026-08-21 16:04:10 - Pipeline - INFO - Checking source Source2 for extension test
2026-08-21 16:04:10 - Pipeline - INFO - Checking source Source0 for extension test
2026-08-21 16:04:10 - Pipeline - INFO - Checking source URM for extension test
2026-08-21 16:04:10 - Pipeline - INFO - Checking source Source2 for extension test
2026-08-21 16:04:10 - Pipeline - INFO - Wrote live model file: /Users/rishi/Documents/Analysis/Sources/AstroImageDetection-fitmodel/HAWC-ImageProcessing-3MLFit/hawc_analysis/Run1/Models/Step2-Source1-Extension-Gaussian_on_sphere.model
2026-08-21 16:04:10 - Pipeline - INFO - Writing position parameter ra and param {'value': 273.3829861012103, 'desc': 'Right Ascension', 'min_value': 272.3881313466892, 'max_value': 274.3881313466892, 'unit': 'deg', 'is_normalization': False, 'delta': 27.33881313466892, 'free': False} for source Source0
2026-08-21 16:04:10 - Pipeline - INFO - Writing position parameter dec and param {'value': -17.762817599918286, 'desc': 'Declination', 'min_value': -18.771011291553847, 'max_value': -16.771011291553847, 'unit': 'deg', 'is_normalization': False, 'delta': 1.7771011291553849, 'free': False} for source Source0
2026-08-21 16:04:10 - Pipeline - INFO - Writing position parameter equinox and param J2000 for source Source0
2026-08-21 16:05:25 - Pipeline - INFO - Spatial shape of source Point_Source, Alternate model Gaussian_on_sphere
2026-08-21 16:05:25 - Pipeline - INFO - Swapping Source0 spatial shape from Point_Source to Gaussian_on_sphere
2026-08-21 16:05:25 - Pipeline - INFO - Cloned spectrum for Source0
2026-08-21 16:05:25 - Pipeline - INFO - Cloned model for Source0
2026-08-21 16:05:26 - Pipeline - INFO - Source URM is an ExtendedSource with spatial shape Hermes
2026-08-21 16:05:26 - Pipeline - INFO - Cloned spatial shape for URM
2026-08-21 16:05:27 - Pipeline - INFO - Source Source1 is an ExtendedSource with spatial shape Gaussian_on_sphere
2026-08-21 16:05:27 - Pipeline - INFO - Cloned spatial shape for Source1
2026-08-21 16:05:27 - Pipeline - INFO - Source Source2 is an ExtendedSource with spatial shape Gaussian_on_sphere
2026-08-21 16:05:28 - Pipeline - INFO - Cloned spatial shape for Source2
2026-08-21 16:05:28 - Pipeline - INFO - Swapped Source0 spatial shape -> Gaussian_on_sphere
2026-08-21 16:05:28 - Pipeline - INFO - Checking source URM for extension test
2026-08-21 16:05:28 - Pipeline - INFO - Setting diffuse source URM to fixed N=1.0
2026-08-21 16:05:28 - Pipeline - INFO - Checking source Source1 for extension test
2026-08-21 16:05:28 - Pipeline - INFO - Checking source Source2 for extension test
2026-08-21 16:05:28 - Pipeline - INFO - Checking source URM for extension test
2026-08-21 16:05:28 - Pipeline - INFO - Checking source Source1 for extension test
2026-08-21 16:05:28 - Pipeline - INFO - Checking source Source2 for extension test
2026-08-21 16:05:28 - Pipeline - INFO - Wrote live model file: /Users/rishi/Documents/Analysis/Sources/AstroImageDetection-fitmodel/HAWC-ImageProcessing-3MLFit/hawc_analysis/Run1/Models/Step2-Source0-Extension-Gaussian_on_sphere.model
2026-08-21 16:05:28 - Pipeline - INFO - Skipping extension test for URM (URM source)
2026-08-21 16:05:28 - Pipeline - INFO - Source Source1 already has spatial shape Gaussian_on_sphere, skipping swap
2026-08-21 16:05:28 - Pipeline - INFO - Checking source Source0 for extension test
2026-08-21 16:05:28 - Pipeline - INFO - Checking source URM for extension test
2026-08-21 16:05:28 - Pipeline - INFO - Setting diffuse source URM to fixed N=1.0
2026-08-21 16:05:28 - Pipeline - INFO - Checking source Source2 for extension test
2026-08-21 16:05:28 - Pipeline - INFO - Checking source Source0 for extension test
2026-08-21 16:05:28 - Pipeline - INFO - Checking source URM for extension test
2026-08-21 16:05:28 - Pipeline - INFO - Checking source Source2 for extension test
2026-08-21 16:05:28 - Pipeline - INFO - Wrote live model file: /Users/rishi/Documents/Analysis/Sources/AstroImageDetection-fitmodel/HAWC-ImageProcessing-3MLFit/hawc_analysis/Run1/Models/Step2-Source1-Extension-Gaussian_on_sphere.model
2026-08-21 16:05:28 - Pipeline - INFO - Writing position parameter ra and param {'value': 273.3829861012103, 'desc': 'Right Ascension', 'min_value': 272.3881313466892, 'max_value': 274.3881313466892, 'unit': 'deg', 'is_normalization': False, 'delta': 27.33881313466892, 'free': False} for source Source0
2026-08-21 16:05:28 - Pipeline - INFO - Writing position parameter dec and param {'value': -17.762817599918286, 'desc': 'Declination', 'min_value': -18.771011291553847, 'max_value': -16.771011291553847, 'unit': 'deg', 'is_normalization': False, 'delta': 1.7771011291553849, 'free': False} for source Source0
2026-08-21 16:06:34 - Pipeline - INFO - Spatial shape of source Point_Source, Alternate model Gaussian_on_sphere
2026-08-21 16:06:34 - Pipeline - INFO - Swapping Source0 spatial shape from Point_Source to Gaussian_on_sphere
2026-08-21 16:06:34 - Pipeline - INFO - Cloned spectrum for Source0
2026-08-21 16:06:34 - Pipeline - INFO - Cloned model for Source0
2026-08-21 16:06:35 - Pipeline - INFO - Source URM is an ExtendedSource with spatial shape Hermes
2026-08-21 16:06:35 - Pipeline - INFO - Cloned spatial shape for URM
2026-08-21 16:06:35 - Pipeline - INFO - Source Source1 is an ExtendedSource with spatial shape Gaussian_on_sphere
2026-08-21 16:06:36 - Pipeline - INFO - Cloned spatial shape for Source1
2026-08-21 16:06:36 - Pipeline - INFO - Source Source2 is an ExtendedSource with spatial shape Gaussian_on_sphere
2026-08-21 16:06:37 - Pipeline - INFO - Cloned spatial shape for Source2
2026-08-21 16:06:37 - Pipeline - INFO - Swapped Source0 spatial shape -> Gaussian_on_sphere
2026-08-21 16:06:37 - Pipeline - INFO - Checking source URM for extension test
2026-08-21 16:06:37 - Pipeline - INFO - Setting diffuse source URM to fixed N=1.0
2026-08-21 16:06:37 - Pipeline - INFO - Checking source Source1 for extension test
2026-08-21 16:06:37 - Pipeline - INFO - Checking source Source2 for extension test
2026-08-21 16:06:37 - Pipeline - INFO - Checking source URM for extension test
2026-08-21 16:06:37 - Pipeline - INFO - Checking source Source1 for extension test
2026-08-21 16:06:37 - Pipeline - INFO - Checking source Source2 for extension test
2026-08-21 16:06:37 - Pipeline - INFO - Wrote live model file: /Users/rishi/Documents/Analysis/Sources/AstroImageDetection-fitmodel/HAWC-ImageProcessing-3MLFit/hawc_analysis/Run1/Models/Step2-Source0-Extension-Gaussian_on_sphere.model
2026-08-21 16:06:37 - Pipeline - INFO - Parsing source header: 'URM (extended source)' -> ('URM', 'extended')
2026-08-21 16:06:37 - Pipeline - INFO - Parsing source header: 'Source1 (extended source)' -> ('Source1', 'extended')
2026-08-21 16:06:37 - Pipeline - INFO - Parsing source header: 'Source2 (extended source)' -> ('Source2', 'extended')
2026-08-21 16:06:37 - Pipeline - INFO - Parsing source header: 'Source0 (extended source)' -> ('Source0', 'extended')
2026-08-21 16:06:37 - Pipeline - INFO - Skipping extension test for URM (URM source)
2026-08-21 16:06:37 - Pipeline - INFO - Source Source1 already has spatial shape Gaussian_on_sphere, skipping swap
2026-08-21 16:06:37 - Pipeline - INFO - Checking source Source0 for extension test
2026-08-21 16:06:37 - Pipeline - INFO - Checking source URM for extension test
2026-08-21 16:06:37 - Pipeline - INFO - Setting diffuse source URM to fixed N=1.0
2026-08-21 16:06:37 - Pipeline - INFO - Checking source Source2 for extension test
2026-08-21 16:06:37 - Pipeline - INFO - Checking source Source0 for extension test
2026-08-21 16:06:37 - Pipeline - INFO - Checking source URM for extension test
2026-08-21 16:06:37 - Pipeline - INFO - Checking source Source2 for extension test
2026-08-21 16:06:37 - Pipeline - INFO - Wrote live model file: /Users/rishi/Documents/Analysis/Sources/AstroImageDetection-fitmodel/HAWC-ImageProcessing-3MLFit/hawc_analysis/Run1/Models/Step2-Source1-Extension-Gaussian_on_sphere.model
2026-08-21 16:06:37 - Pipeline - INFO - Parsing source header: 'URM (extended source)' -> ('URM', 'extended')
2026-08-21 16:06:37 - Pipeline - INFO - Parsing source header: 'Source0 (point source)' -> ('Source0', 'point')
2026-08-21 16:06:37 - Pipeline - INFO - Parsing source header: 'Source1 (extended source)' -> ('Source1', 'extended')
2026-08-21 16:06:37 - Pipeline - INFO - Parsing source header: 'Source2 (extended source)' -> ('Source2', 'extended')
2026-08-21 16:06:37 - Pipeline - INFO - Parsing source header: 'HAWC_bkg_renorm (Parameter)' -> None
2026-08-21 16:07:19 - Pipeline - INFO - Spatial shape of source Point_Source, Alternate model Gaussian_on_sphere
2026-08-21 16:07:19 - Pipeline - INFO - Swapping Source0 spatial shape from Point_Source to Gaussian_on_sphere
2026-08-21 16:07:19 - Pipeline - INFO - Cloned spectrum for Source0
2026-08-21 16:07:19 - Pipeline - INFO - Cloned model for Source0
2026-08-21 16:07:20 - Pipeline - INFO - Source URM is an ExtendedSource with spatial shape Hermes
2026-08-21 16:07:20 - Pipeline - INFO - Cloned spatial shape for URM
2026-08-21 16:07:21 - Pipeline - INFO - Source Source1 is an ExtendedSource with spatial shape Gaussian_on_sphere
2026-08-21 16:07:21 - Pipeline - INFO - Cloned spatial shape for Source1
2026-08-21 16:07:21 - Pipeline - INFO - Source Source2 is an ExtendedSource with spatial shape Gaussian_on_sphere
2026-08-21 16:07:22 - Pipeline - INFO - Cloned spatial shape for Source2
2026-08-21 16:07:22 - Pipeline - INFO - Swapped Source0 spatial shape -> Gaussian_on_sphere
2026-08-21 16:07:22 - Pipeline - INFO - Checking source URM for extension test
2026-08-21 16:07:22 - Pipeline - INFO - Setting diffuse source URM to fixed N=1.0
2026-08-21 16:07:22 - Pipeline - INFO - Checking source Source1 for extension test
2026-08-21 16:07:22 - Pipeline - INFO - Checking source Source2 for extension test
2026-08-21 16:07:22 - Pipeline - INFO - Checking source URM for extension test
2026-08-21 16:07:22 - Pipeline - INFO - Checking source Source1 for extension test
2026-08-21 16:07:22 - Pipeline - INFO - Checking source Source2 for extension test
2026-08-21 16:07:22 - Pipeline - INFO - Wrote live model file: /Users/rishi/Documents/Analysis/Sources/AstroImageDetection-fitmodel/HAWC-ImageProcessing-3MLFit/hawc_analysis/Run1/Models/Step2-Source0-Extension-Gaussian_on_sphere.model
2026-08-21 16:07:22 - Pipeline - INFO - Parsing source header: 'URM (extended source)' -> ('URM', 'extended')
2026-08-21 16:07:22 - Pipeline - INFO - Parsing source header: 'Source1 (extended source)' -> ('Source1', 'extended')
2026-08-21 16:07:22 - Pipeline - INFO - Parsing source header: 'Source2 (extended source)' -> ('Source2', 'extended')
2026-08-21 16:07:22 - Pipeline - INFO - Parsing source header: 'Source0 (extended source)' -> ('Source0', 'extended')
2026-08-21 16:07:22 - Pipeline - INFO - Skipping extension test for URM (URM source)
2026-08-21 16:07:22 - Pipeline - INFO - Source Source1 already has spatial shape Gaussian_on_sphere, skipping swap
2026-08-21 16:07:22 - Pipeline - INFO - Checking source Source0 for extension test
2026-08-21 16:07:22 - Pipeline - INFO - Checking source URM for extension test
2026-08-21 16:07:22 - Pipeline - INFO - Setting diffuse source URM to fixed N=1.0
2026-08-21 16:07:22 - Pipeline - INFO - Checking source Source2 for extension test
2026-08-21 16:07:22 - Pipeline - INFO - Checking source Source0 for extension test
2026-08-21 16:07:22 - Pipeline - INFO - Checking source URM for extension test
2026-08-21 16:07:22 - Pipeline - INFO - Checking source Source2 for extension test
2026-08-21 16:07:22 - Pipeline - INFO - Wrote live model file: /Users/rishi/Documents/Analysis/Sources/AstroImageDetection-fitmodel/HAWC-ImageProcessing-3MLFit/hawc_analysis/Run1/Models/Step2-Source1-Extension-Gaussian_on_sphere.model
2026-08-21 16:07:22 - Pipeline - INFO - Parsing source header: 'URM (extended source)' -> ('URM', 'extended')
2026-08-21 16:07:22 - Pipeline - INFO - Parsing source header: 'Source0 (point source)' -> ('Source0', 'point')
2026-08-21 16:07:22 - Pipeline - INFO - Parsing source header: 'Source1 (extended source)' -> ('Source1', 'extended')
2026-08-21 16:07:22 - Pipeline - INFO - Parsing source header: 'Source2 (extended source)' -> ('Source2', 'extended')
2026-08-21 16:07:22 - Pipeline - INFO - Parsing source header: 'HAWC_bkg_renorm (Parameter)' -> None
2026-08-21 16:07:53 - Pipeline - INFO - Spatial shape of source Point_Source, Alternate model Gaussian_on_sphere
2026-08-21 16:07:53 - Pipeline - INFO - Swapping Source0 spatial shape from Point_Source to Gaussian_on_sphere
2026-08-21 16:07:53 - Pipeline - INFO - Cloned spectrum for Source0
2026-08-21 16:07:53 - Pipeline - INFO - Cloned model for Source0
2026-08-21 16:07:54 - Pipeline - INFO - Source URM is an ExtendedSource with spatial shape Hermes
2026-08-21 16:07:54 - Pipeline - INFO - Cloned spatial shape for URM
2026-08-21 16:07:55 - Pipeline - INFO - Source Source1 is an ExtendedSource with spatial shape Gaussian_on_sphere
2026-08-21 16:07:55 - Pipeline - INFO - Cloned spatial shape for Source1
2026-08-21 16:07:55 - Pipeline - INFO - Source Source2 is an ExtendedSource with spatial shape Gaussian_on_sphere
2026-08-21 16:07:56 - Pipeline - INFO - Cloned spatial shape for Source2
2026-08-21 16:07:56 - Pipeline - INFO - Swapped Source0 spatial shape -> Gaussian_on_sphere
2026-08-21 16:07:56 - Pipeline - INFO - Checking source URM for extension test
2026-08-21 16:07:56 - Pipeline - INFO - Setting diffuse source URM to fixed N=1.0
2026-08-21 16:07:56 - Pipeline - INFO - Checking source Source1 for extension test
2026-08-21 16:07:56 - Pipeline - INFO - Checking source Source2 for extension test
2026-08-21 16:07:56 - Pipeline - INFO - Checking source URM for extension test
2026-08-21 16:07:56 - Pipeline - INFO - Checking source Source1 for extension test
2026-08-21 16:07:56 - Pipeline - INFO - Checking source Source2 for extension test
2026-08-21 16:07:56 - Pipeline - INFO - Wrote live model file: /Users/rishi/Documents/Analysis/Sources/AstroImageDetection-fitmodel/HAWC-ImageProcessing-3MLFit/hawc_analysis/Run1/Models/Step2-Source0-Extension-Gaussian_on_sphere.model
2026-08-21 16:07:56 - Pipeline - INFO - Parsing source header: 'URM (extended source)' -> ('URM', 'extended')
2026-08-21 16:07:56 - Pipeline - INFO - Stripped key: 'URM (extended source)'
2026-08-21 16:07:56 - Pipeline - INFO - Parsing source header: 'Source1 (extended source)' -> ('Source1', 'extended')
2026-08-21 16:07:56 - Pipeline - INFO - Stripped key: 'Source1 (extended source)'
2026-08-21 16:07:56 - Pipeline - INFO - Parsing source header: 'Source2 (extended source)' -> ('Source2', 'extended')
2026-08-21 16:07:56 - Pipeline - INFO - Stripped key: 'Source2 (extended source)'
2026-08-21 16:07:56 - Pipeline - INFO - Parsing source header: 'Source0 (extended source)' -> ('Source0', 'extended')
2026-08-21 16:07:56 - Pipeline - INFO - Stripped key: 'Source0 (extended source)'
2026-08-21 16:07:56 - Pipeline - INFO - Skipping extension test for URM (URM source)
2026-08-21 16:07:56 - Pipeline - INFO - Source Source1 already has spatial shape Gaussian_on_sphere, skipping swap
2026-08-21 16:07:56 - Pipeline - INFO - Checking source Source0 for extension test
2026-08-21 16:07:56 - Pipeline - INFO - Checking source URM for extension test
2026-08-21 16:07:56 - Pipeline - INFO - Setting diffuse source URM to fixed N=1.0
2026-08-21 16:07:56 - Pipeline - INFO - Checking source Source2 for extension test
2026-08-21 16:07:56 - Pipeline - INFO - Checking source Source0 for extension test
2026-08-21 16:07:56 - Pipeline - INFO - Checking source URM for extension test
2026-08-21 16:07:56 - Pipeline - INFO - Checking source Source2 for extension test
2026-08-21 16:07:56 - Pipeline - INFO - Wrote live model file: /Users/rishi/Documents/Analysis/Sources/AstroImageDetection-fitmodel/HAWC-ImageProcessing-3MLFit/hawc_analysis/Run1/Models/Step2-Source1-Extension-Gaussian_on_sphere.model
2026-08-21 16:07:56 - Pipeline - INFO - Parsing source header: 'URM (extended source)' -> ('URM', 'extended')
2026-08-21 16:07:56 - Pipeline - INFO - Stripped key: 'URM (extended source)'
2026-08-21 16:07:56 - Pipeline - INFO - Parsing source header: 'Source0 (point source)' -> ('Source0', 'point')
2026-08-21 16:07:56 - Pipeline - INFO - Stripped key: 'Source0 (point source)'
2026-08-21 16:07:56 - Pipeline - INFO - Parsing source header: 'Source1 (extended source)' -> ('Source1', 'extended')
2026-08-21 16:07:56 - Pipeline - INFO - Stripped key: 'Source1 (extended source)'
2026-08-21 16:07:56 - Pipeline - INFO - Parsing source header: 'Source2 (extended source)' -> ('Source2', 'extended')
2026-08-21 16:07:56 - Pipeline - INFO - Stripped key: 'Source2 (extended source)'
2026-08-21 16:07:56 - Pipeline - INFO - Parsing source header: 'HAWC_bkg_renorm (Parameter)' -> None
2026-08-21 16:07:56 - Pipeline - INFO - Stripped key: 'HAWC_bkg_renorm (Parameter)'
2026-08-21 16:08:33 - Pipeline - INFO - Spatial shape of source Point_Source, Alternate model Gaussian_on_sphere
2026-08-21 16:08:33 - Pipeline - INFO - Swapping Source0 spatial shape from Point_Source to Gaussian_on_sphere
2026-08-21 16:08:33 - Pipeline - INFO - Cloned spectrum for Source0
2026-08-21 16:08:33 - Pipeline - INFO - Cloned model for Source0
2026-08-21 16:08:34 - Pipeline - INFO - Source URM is an ExtendedSource with spatial shape Hermes
2026-08-21 16:08:34 - Pipeline - INFO - Cloned spatial shape for URM
2026-08-21 16:08:34 - Pipeline - INFO - Source Source1 is an ExtendedSource with spatial shape Gaussian_on_sphere
2026-08-21 16:08:35 - Pipeline - INFO - Cloned spatial shape for Source1
2026-08-21 16:08:35 - Pipeline - INFO - Source Source2 is an ExtendedSource with spatial shape Gaussian_on_sphere
2026-08-21 16:08:36 - Pipeline - INFO - Cloned spatial shape for Source2
2026-08-21 16:08:36 - Pipeline - INFO - Swapped Source0 spatial shape -> Gaussian_on_sphere
2026-08-21 16:08:36 - Pipeline - INFO - Checking source URM for extension test
2026-08-21 16:08:36 - Pipeline - INFO - Setting diffuse source URM to fixed N=1.0
2026-08-21 16:08:36 - Pipeline - INFO - Checking source Source1 for extension test
2026-08-21 16:08:36 - Pipeline - INFO - Checking source Source2 for extension test
2026-08-21 16:08:36 - Pipeline - INFO - Checking source URM for extension test
2026-08-21 16:08:36 - Pipeline - INFO - Checking source Source1 for extension test
2026-08-21 16:08:36 - Pipeline - INFO - Checking source Source2 for extension test
2026-08-21 16:08:36 - Pipeline - INFO - Wrote live model file: /Users/rishi/Documents/Analysis/Sources/AstroImageDetection-fitmodel/HAWC-ImageProcessing-3MLFit/hawc_analysis/Run1/Models/Step2-Source0-Extension-Gaussian_on_sphere.model
2026-08-21 16:08:36 - Pipeline - INFO - Parsing source header: 'URM (extended source)' -> ('URM', 'extended')
2026-08-21 16:08:36 - Pipeline - INFO - Parsing source header: 'Source1 (extended source)' -> ('Source1', 'extended')
2026-08-21 16:08:36 - Pipeline - INFO - Parsing source header: 'Source2 (extended source)' -> ('Source2', 'extended')
2026-08-21 16:08:36 - Pipeline - INFO - Parsing source header: 'Source0 (extended source)' -> ('Source0', 'extended')
2026-08-21 16:08:36 - Pipeline - INFO - Skipping extension test for URM (URM source)
2026-08-21 16:08:36 - Pipeline - INFO - Source Source1 already has spatial shape Gaussian_on_sphere, skipping swap
2026-08-21 16:08:36 - Pipeline - INFO - Checking source Source0 for extension test
2026-08-21 16:08:36 - Pipeline - INFO - Checking source URM for extension test
2026-08-21 16:08:36 - Pipeline - INFO - Setting diffuse source URM to fixed N=1.0
2026-08-21 16:08:36 - Pipeline - INFO - Checking source Source2 for extension test
2026-08-21 16:08:36 - Pipeline - INFO - Checking source Source0 for extension test
2026-08-21 16:08:36 - Pipeline - INFO - Checking source URM for extension test
2026-08-21 16:08:36 - Pipeline - INFO - Checking source Source2 for extension test
2026-08-21 16:08:36 - Pipeline - INFO - Wrote live model file: /Users/rishi/Documents/Analysis/Sources/AstroImageDetection-fitmodel/HAWC-ImageProcessing-3MLFit/hawc_analysis/Run1/Models/Step2-Source1-Extension-Gaussian_on_sphere.model
2026-08-21 16:08:36 - Pipeline - INFO - Parsing source header: 'URM (extended source)' -> ('URM', 'extended')
2026-08-21 16:08:36 - Pipeline - INFO - Parsing source header: 'Source0 (point source)' -> ('Source0', 'point')
2026-08-21 16:08:36 - Pipeline - INFO - Parsing source header: 'Source1 (extended source)' -> ('Source1', 'extended')
2026-08-21 16:08:36 - Pipeline - INFO - Parsing source header: 'Source2 (extended source)' -> ('Source2', 'extended')
2026-08-21 16:08:36 - Pipeline - INFO - Parsing source header: 'HAWC_bkg_renorm (Parameter)' -> None
2026-08-21 16:08:36 - Pipeline - INFO - Skipping background source 'HAWC_bkg_renorm (Parameter)'
2026-08-21 16:08:36 - Pipeline - INFO - Source Source2 already has spatial shape Gaussian_on_sphere, skipping swap
2026-08-21 16:08:36 - Pipeline - INFO - Checking source Source0 for extension test
2026-08-21 16:08:36 - Pipeline - INFO - Checking source URM for extension test
2026-08-21 16:08:36 - Pipeline - INFO - Setting diffuse source URM to fixed N=1.0
2026-08-21 16:08:36 - Pipeline - INFO - Checking source Source1 for extension test
2026-08-21 16:08:36 - Pipeline - INFO - Checking source Source0 for extension test
2026-08-21 16:08:36 - Pipeline - INFO - Checking source URM for extension test
2026-08-21 16:08:36 - Pipeline - INFO - Checking source Source1 for extension test
2026-08-21 16:08:36 - Pipeline - INFO - Wrote live model file: /Users/rishi/Documents/Analysis/Sources/AstroImageDetection-fitmodel/HAWC-ImageProcessing-3MLFit/hawc_analysis/Run1/Models/Step2-Source2-Extension-Gaussian_on_sphere.model
2026-08-21 16:08:36 - Pipeline - INFO - Parsing source header: 'URM (extended source)' -> ('URM', 'extended')
2026-08-21 16:08:36 - Pipeline - INFO - Parsing source header: 'Source0 (point source)' -> ('Source0', 'point')
2026-08-21 16:08:36 - Pipeline - INFO - Parsing source header: 'Source1 (extended source)' -> ('Source1', 'extended')
2026-08-21 16:08:36 - Pipeline - INFO - Parsing source header: 'Source2 (extended source)' -> ('Source2', 'extended')
2026-08-21 16:08:36 - Pipeline - INFO - Parsing source header: 'HAWC_bkg_renorm (Parameter)' -> None
2026-08-21 16:08:36 - Pipeline - INFO - Skipping background source 'HAWC_bkg_renorm (Parameter)'
2026-08-21 16:09:41 - Pipeline - INFO - Spatial shape of source Point_Source, Alternate model Gaussian_on_sphere
2026-08-21 16:09:41 - Pipeline - INFO - Source URM is an ExtendedSource with spatial shape Hermes
2026-08-21 16:09:42 - Pipeline - INFO - Cloned spatial shape for URM
2026-08-21 16:09:42 - Pipeline - INFO - Source Source1 is an ExtendedSource with spatial shape Gaussian_on_sphere
2026-08-21 16:09:43 - Pipeline - INFO - Cloned spatial shape for Source1
2026-08-21 16:09:43 - Pipeline - INFO - Source Source2 is an ExtendedSource with spatial shape Gaussian_on_sphere
2026-08-21 16:09:43 - Pipeline - INFO - Cloned spatial shape for Source2
2026-08-21 16:09:43 - Pipeline - INFO - Wrote live model file: /Users/rishi/Documents/Analysis/Sources/AstroImageDetection-fitmodel/HAWC-ImageProcessing-3MLFit/hawc_analysis/Run1/Models/Step2-Source0-Extension-Gaussian_on_sphere.model
2026-08-21 16:09:43 - Pipeline - INFO - Skipping extension test for URM (URM source)
2026-08-21 16:09:43 - Pipeline - INFO - Source Source1 already has spatial shape Gaussian_on_sphere, skipping swap
2026-08-21 16:09:43 - Pipeline - INFO - Wrote live model file: /Users/rishi/Documents/Analysis/Sources/AstroImageDetection-fitmodel/HAWC-ImageProcessing-3MLFit/hawc_analysis/Run1/Models/Step2-Source1-Extension-Gaussian_on_sphere.model
2026-08-21 16:09:43 - Pipeline - INFO - Skipping background source 'HAWC_bkg_renorm (Parameter)'
2026-08-21 16:09:43 - Pipeline - INFO - Source Source2 already has spatial shape Gaussian_on_sphere, skipping swap
2026-08-21 16:09:43 - Pipeline - INFO - Wrote live model file: /Users/rishi/Documents/Analysis/Sources/AstroImageDetection-fitmodel/HAWC-ImageProcessing-3MLFit/hawc_analysis/Run1/Models/Step2-Source2-Extension-Gaussian_on_sphere.model
2026-08-21 16:09:44 - Pipeline - INFO - Skipping background source 'HAWC_bkg_renorm (Parameter)'
2026-08-21 16:11:48 - Pipeline - INFO - Starting extension fit
2026-08-21 16:11:48 - Pipeline - INFO - Cloned SPectrum
2026-08-21 16:12:19 - Pipeline - INFO - Starting extension fit
2026-08-21 16:12:19 - Pipeline - INFO - Spatial shape of source Point_Source, Alternate model Gaussian_on_sphere
2026-08-21 16:12:20 - Pipeline - INFO - Source URM is an ExtendedSource with spatial shape Hermes
2026-08-21 16:12:20 - Pipeline - INFO - Cloned spatial shape for URM
2026-08-21 16:12:20 - Pipeline - INFO - Source Source1 is an ExtendedSource with spatial shape Gaussian_on_sphere
2026-08-21 16:12:21 - Pipeline - INFO - Cloned spatial shape for Source1
2026-08-21 16:12:21 - Pipeline - INFO - Source Source2 is an ExtendedSource with spatial shape Gaussian_on_sphere
2026-08-21 16:12:22 - Pipeline - INFO - Cloned spatial shape for Source2
2026-08-21 16:12:22 - Pipeline - INFO - Wrote live model file: /Users/rishi/Documents/Analysis/Sources/AstroImageDetection-fitmodel/HAWC-ImageProcessing-3MLFit/hawc_analysis/Run1/Models/Step2-Source0-Extension-Gaussian_on_sphere.model
2026-08-21 16:12:22 - Pipeline - INFO - Fitting model /Users/rishi/Documents/Analysis/Sources/AstroImageDetection-fitmodel/HAWC-ImageProcessing-3MLFit/hawc_analysis/Run1/Models/Step2-Source0-Extension-Gaussian_on_sphere.model in /Users/rishi/Documents/Analysis/Sources/AstroImageDetection-fitmodel/HAWC-ImageProcessing-3MLFit/hawc_analysis/Run1/Results/Step2-Source0-Extension-Gaussian_on_sphere  with compute_err=False, compute_TS=True, make_maps=False
2026-08-21 16:12:22 - Pipeline - INFO - Map tree: /Users/rishi/Documents/Analysis/data/maptree-fhit2pct-pass5f-mlp-chunk1-1510.root
2026-08-21 16:12:22 - Pipeline - INFO - Detector response: /Users/rishi/Documents/Analysis/data/detRes-fhit2pct-pass5f-mlp-refit.root
2026-08-21 16:12:22 - Pipeline - INFO - Converted galactic coordinates (l=12.5, b=0) to equatorial (RA=273.2187758272126, Dec=-18.100800822935284)
2026-08-21 16:12:22 - Pipeline - INFO - Model file: /Users/rishi/Documents/Analysis/Sources/AstroImageDetection-fitmodel/HAWC-ImageProcessing-3MLFit/hawc_analysis/Run1/Models/Step2-Source0-Extension-Gaussian_on_sphere.model
2026-08-21 16:12:22 - Pipeline - WARNING - Fit attempt 1/1 failed: 
2026-08-21 16:13:35 - Pipeline - INFO - Starting extension fit
2026-08-21 16:13:35 - Pipeline - INFO - Spatial shape of source Point_Source, Alternate model Gaussian_on_sphere
2026-08-21 16:13:36 - Pipeline - INFO - Source URM is an ExtendedSource with spatial shape Hermes
2026-08-21 16:13:36 - Pipeline - INFO - Cloned spatial shape for URM
2026-08-21 16:13:36 - Pipeline - INFO - Source Source1 is an ExtendedSource with spatial shape Gaussian_on_sphere
2026-08-21 16:13:37 - Pipeline - INFO - Cloned spatial shape for Source1
2026-08-21 16:13:37 - Pipeline - INFO - Source Source2 is an ExtendedSource with spatial shape Gaussian_on_sphere
2026-08-21 16:13:38 - Pipeline - INFO - Cloned spatial shape for Source2
2026-08-21 16:13:38 - Pipeline - INFO - Fitting model /Users/rishi/Documents/Analysis/Sources/AstroImageDetection-fitmodel/HAWC-ImageProcessing-3MLFit/hawc_analysis/Run1/Models/Step2-Source0-Extension-Gaussian_on_sphere.model/curModel.model in /Users/rishi/Documents/Analysis/Sources/AstroImageDetection-fitmodel/HAWC-ImageProcessing-3MLFit/hawc_analysis/Run1/Results/Step2-Source0-Extension-Gaussian_on_sphere  with compute_err=False, compute_TS=True, make_maps=False
2026-08-21 16:13:38 - Pipeline - INFO - Map tree: /Users/rishi/Documents/Analysis/data/maptree-fhit2pct-pass5f-mlp-chunk1-1510.root
2026-08-21 16:13:38 - Pipeline - INFO - Detector response: /Users/rishi/Documents/Analysis/data/detRes-fhit2pct-pass5f-mlp-refit.root
2026-08-21 16:13:38 - Pipeline - INFO - Converted galactic coordinates (l=12.5, b=0) to equatorial (RA=273.2187758272126, Dec=-18.100800822935284)
2026-08-21 16:13:38 - Pipeline - INFO - Model file: /Users/rishi/Documents/Analysis/Sources/AstroImageDetection-fitmodel/HAWC-ImageProcessing-3MLFit/hawc_analysis/Run1/Models/Step2-Source0-Extension-Gaussian_on_sphere.model/curModel.model
2026-08-21 16:13:38 - Pipeline - WARNING - Fit attempt 1/1 failed: [Errno 20] Not a directory: '/Users/rishi/Documents/Analysis/Sources/AstroImageDetection-fitmodel/HAWC-ImageProcessing-3MLFit/hawc_analysis/Run1/Models/Step2-Source0-Extension-Gaussian_on_sphere.model/curModel.model'
2026-08-21 16:15:01 - Pipeline - INFO - Starting extension fit
2026-08-21 16:15:01 - Pipeline - INFO - Spatial shape of source Point_Source, Alternate model Gaussian_on_sphere
2026-08-21 16:15:02 - Pipeline - INFO - Source URM is an ExtendedSource with spatial shape Hermes
2026-08-21 16:15:02 - Pipeline - INFO - Cloned spatial shape for URM
2026-08-21 16:15:03 - Pipeline - INFO - Source Source1 is an ExtendedSource with spatial shape Gaussian_on_sphere
2026-08-21 16:15:03 - Pipeline - INFO - Cloned spatial shape for Source1
2026-08-21 16:15:03 - Pipeline - INFO - Source Source2 is an ExtendedSource with spatial shape Gaussian_on_sphere
2026-08-21 16:15:04 - Pipeline - INFO - Cloned spatial shape for Source2
2026-08-21 16:15:04 - Pipeline - INFO - Fitting model /Users/rishi/Documents/Analysis/Sources/AstroImageDetection-fitmodel/HAWC-ImageProcessing-3MLFit/hawc_analysis/Run1/Models/Step2-Source0-Extension-Gaussian_on_sphere.model/curModel.model in /Users/rishi/Documents/Analysis/Sources/AstroImageDetection-fitmodel/HAWC-ImageProcessing-3MLFit/hawc_analysis/Run1/Results/Step2-Source0-Extension-Gaussian_on_sphere  with compute_err=False, compute_TS=True, make_maps=False
2026-08-21 16:15:04 - Pipeline - INFO - Map tree: /Users/rishi/Documents/Analysis/data/maptree-fhit2pct-pass5f-mlp-chunk1-1510.root
2026-08-21 16:15:04 - Pipeline - INFO - Detector response: /Users/rishi/Documents/Analysis/data/detRes-fhit2pct-pass5f-mlp-refit.root
2026-08-21 16:15:04 - Pipeline - INFO - Converted galactic coordinates (l=12.5, b=0) to equatorial (RA=273.2187758272126, Dec=-18.100800822935284)
2026-08-21 16:15:04 - Pipeline - INFO - Model file: /Users/rishi/Documents/Analysis/Sources/AstroImageDetection-fitmodel/HAWC-ImageProcessing-3MLFit/hawc_analysis/Run1/Models/Step2-Source0-Extension-Gaussian_on_sphere.model/curModel.model
2026-08-21 16:15:48 - Pipeline - INFO - Starting extension fit
2026-08-21 16:15:48 - Pipeline - INFO - Spatial shape of source Point_Source, Alternate model Gaussian_on_sphere
2026-08-21 16:15:49 - Pipeline - INFO - Source URM is an ExtendedSource with spatial shape Hermes
2026-08-21 16:15:49 - Pipeline - INFO - Cloned spatial shape for URM
2026-08-21 16:15:50 - Pipeline - INFO - Source Source1 is an ExtendedSource with spatial shape Gaussian_on_sphere
2026-08-21 16:15:50 - Pipeline - INFO - Cloned spatial shape for Source1
2026-08-21 16:15:51 - Pipeline - INFO - Source Source2 is an ExtendedSource with spatial shape Gaussian_on_sphere
2026-08-21 16:15:51 - Pipeline - INFO - Cloned spatial shape for Source2
2026-08-21 16:15:51 - Pipeline - INFO - Fitting model /Users/rishi/Documents/Analysis/Sources/AstroImageDetection-fitmodel/HAWC-ImageProcessing-3MLFit/hawc_analysis/Run1/Models/Step2-Source0-Extension-Gaussian_on_sphere.model/curModel.model in /Users/rishi/Documents/Analysis/Sources/AstroImageDetection-fitmodel/HAWC-ImageProcessing-3MLFit/hawc_analysis/Run1/Results/Step2-Source0-Extension-Gaussian_on_sphere  with compute_err=False, compute_TS=True, make_maps=False
2026-08-21 16:15:51 - Pipeline - INFO - Map tree: /Users/rishi/Documents/Analysis/data/maptree-fhit2pct-pass5f-mlp-chunk1-1510.root
2026-08-21 16:15:51 - Pipeline - INFO - Detector response: /Users/rishi/Documents/Analysis/data/detRes-fhit2pct-pass5f-mlp-refit.root
2026-08-21 16:15:51 - Pipeline - INFO - Converted galactic coordinates (l=12.5, b=0) to equatorial (RA=273.2187758272126, Dec=-18.100800822935284)
2026-08-21 16:15:51 - Pipeline - INFO - Model file: /Users/rishi/Documents/Analysis/Sources/AstroImageDetection-fitmodel/HAWC-ImageProcessing-3MLFit/hawc_analysis/Run1/Models/Step2-Source0-Extension-Gaussian_on_sphere.model/curModel.model
2026-08-21 16:16:48 - Pipeline - INFO - Starting extension fit
2026-08-21 16:16:48 - Pipeline - INFO - Spatial shape of source Point_Source, Alternate model Gaussian_on_sphere
2026-08-21 16:16:49 - Pipeline - INFO - Source URM is an ExtendedSource with spatial shape Hermes
2026-08-21 16:16:49 - Pipeline - INFO - Cloned spatial shape for URM
2026-08-21 16:16:49 - Pipeline - INFO - Source Source1 is an ExtendedSource with spatial shape Gaussian_on_sphere
2026-08-21 16:16:50 - Pipeline - INFO - Cloned spatial shape for Source1
2026-08-21 16:16:50 - Pipeline - INFO - Source Source2 is an ExtendedSource with spatial shape Gaussian_on_sphere
2026-08-21 16:16:51 - Pipeline - INFO - Cloned spatial shape for Source2
2026-08-21 16:16:51 - Pipeline - INFO - Fitting model /Users/rishi/Documents/Analysis/Sources/AstroImageDetection-fitmodel/HAWC-ImageProcessing-3MLFit/hawc_analysis/Run1/Results/Step2-Source0-Extension-Gaussian_on_sphere/curModel.model.model in /Users/rishi/Documents/Analysis/Sources/AstroImageDetection-fitmodel/HAWC-ImageProcessing-3MLFit/hawc_analysis/Run1/Results/Step2-Source0-Extension-Gaussian_on_sphere  with compute_err=False, compute_TS=True, make_maps=False
2026-08-21 16:16:51 - Pipeline - INFO - Map tree: /Users/rishi/Documents/Analysis/data/maptree-fhit2pct-pass5f-mlp-chunk1-1510.root
2026-08-21 16:16:51 - Pipeline - INFO - Detector response: /Users/rishi/Documents/Analysis/data/detRes-fhit2pct-pass5f-mlp-refit.root
2026-08-21 16:16:51 - Pipeline - INFO - Converted galactic coordinates (l=12.5, b=0) to equatorial (RA=273.2187758272126, Dec=-18.100800822935284)
2026-08-21 16:16:51 - Pipeline - INFO - Model file: /Users/rishi/Documents/Analysis/Sources/AstroImageDetection-fitmodel/HAWC-ImageProcessing-3MLFit/hawc_analysis/Run1/Results/Step2-Source0-Extension-Gaussian_on_sphere/curModel.model.model
2026-08-21 16:17:00 - Pipeline - INFO - Starting extension fit
2026-08-21 16:17:00 - Pipeline - INFO - Spatial shape of source Point_Source, Alternate model Gaussian_on_sphere
2026-08-21 16:17:00 - Pipeline - INFO - Source URM is an ExtendedSource with spatial shape Hermes
2026-08-21 16:17:01 - Pipeline - INFO - Cloned spatial shape for URM
2026-08-21 16:17:01 - Pipeline - INFO - Source Source1 is an ExtendedSource with spatial shape Gaussian_on_sphere
2026-08-21 16:17:01 - Pipeline - INFO - Cloned spatial shape for Source1
2026-08-21 16:17:02 - Pipeline - INFO - Source Source2 is an ExtendedSource with spatial shape Gaussian_on_sphere
2026-08-21 16:17:02 - Pipeline - INFO - Cloned spatial shape for Source2
2026-08-21 16:17:02 - Pipeline - INFO - Fitting model /Users/rishi/Documents/Analysis/Sources/AstroImageDetection-fitmodel/HAWC-ImageProcessing-3MLFit/hawc_analysis/Run1/Results/Step2-Source0-Extension-Gaussian_on_sphere/curModel.model in /Users/rishi/Documents/Analysis/Sources/AstroImageDetection-fitmodel/HAWC-ImageProcessing-3MLFit/hawc_analysis/Run1/Results/Step2-Source0-Extension-Gaussian_on_sphere  with compute_err=False, compute_TS=True, make_maps=False
2026-08-21 16:17:02 - Pipeline - INFO - Map tree: /Users/rishi/Documents/Analysis/data/maptree-fhit2pct-pass5f-mlp-chunk1-1510.root
2026-08-21 16:17:02 - Pipeline - INFO - Detector response: /Users/rishi/Documents/Analysis/data/detRes-fhit2pct-pass5f-mlp-refit.root
2026-08-21 16:17:02 - Pipeline - INFO - Converted galactic coordinates (l=12.5, b=0) to equatorial (RA=273.2187758272126, Dec=-18.100800822935284)
2026-08-21 16:17:02 - Pipeline - INFO - Model file: /Users/rishi/Documents/Analysis/Sources/AstroImageDetection-fitmodel/HAWC-ImageProcessing-3MLFit/hawc_analysis/Run1/Results/Step2-Source0-Extension-Gaussian_on_sphere/curModel.model
2026-08-21 16:17:03 - Pipeline - INFO - No ROI template provided, computing ROI from provided ra and dec
2026-08-21 16:17:03 - Pipeline - INFO - ROI center: 273.2187758272126, -18.100800822935284
2026-08-21 16:17:03 - Pipeline - INFO - Running threeML fit pipeline with bins: ['B5C0', 'B6C0', 'B7C0', 'B8C0', 'B9C0', 'B10C0']
2026-08-21 16:17:18 - Pipeline - INFO - Running MLE without error estimation
2026-08-21 16:17:25 - Pipeline - INFO - Fit results saved to /Users/rishi/Documents/Analysis/Sources/AstroImageDetection-fitmodel/HAWC-ImageProcessing-3MLFit/hawc_analysis/Run1/Results/Step2-Source0-Extension-Gaussian_on_sphere/likelihoodResults.fits
2026-08-21 16:17:25 - Pipeline - INFO - Fit Step2-Source0-Extension-Gaussian_on_sphere: -logL=117510.629, AIC=235033.257 (0.38 min)
2026-08-21 16:17:25 - Pipeline - INFO - Extension test Source0 -> Gaussian_on_sphere: delta_TS=1.06 (threshold 16)
2026-08-21 16:17:25 - Pipeline - INFO - Skipping extension test for URM (URM source)
2026-08-21 16:17:25 - Pipeline - INFO - Source Source1 already has spatial shape Gaussian_on_sphere, skipping swap
2026-08-21 16:17:25 - Pipeline - INFO - Skipping background source 'HAWC_bkg_renorm (Parameter)'
2026-08-21 16:17:25 - Pipeline - INFO - Fitting model /Users/rishi/Documents/Analysis/Sources/AstroImageDetection-fitmodel/HAWC-ImageProcessing-3MLFit/hawc_analysis/Run1/Results/Step2-Source1-Extension-Gaussian_on_sphere/curModel.model in /Users/rishi/Documents/Analysis/Sources/AstroImageDetection-fitmodel/HAWC-ImageProcessing-3MLFit/hawc_analysis/Run1/Results/Step2-Source1-Extension-Gaussian_on_sphere  with compute_err=False, compute_TS=True, make_maps=False
2026-08-21 16:17:25 - Pipeline - INFO - Map tree: /Users/rishi/Documents/Analysis/data/maptree-fhit2pct-pass5f-mlp-chunk1-1510.root
2026-08-21 16:17:25 - Pipeline - INFO - Detector response: /Users/rishi/Documents/Analysis/data/detRes-fhit2pct-pass5f-mlp-refit.root
2026-08-21 16:17:25 - Pipeline - INFO - Converted galactic coordinates (l=12.5, b=0) to equatorial (RA=273.2187758272126, Dec=-18.100800822935284)
2026-08-21 16:17:25 - Pipeline - INFO - Model file: /Users/rishi/Documents/Analysis/Sources/AstroImageDetection-fitmodel/HAWC-ImageProcessing-3MLFit/hawc_analysis/Run1/Results/Step2-Source1-Extension-Gaussian_on_sphere/curModel.model
2026-08-21 16:17:26 - Pipeline - INFO - No ROI template provided, computing ROI from provided ra and dec
2026-08-21 16:17:26 - Pipeline - INFO - ROI center: 273.2187758272126, -18.100800822935284
2026-08-21 16:17:26 - Pipeline - INFO - Running threeML fit pipeline with bins: ['B5C0', 'B6C0', 'B7C0', 'B8C0', 'B9C0', 'B10C0']
2026-08-21 16:17:41 - Pipeline - INFO - Running MLE without error estimation
2026-08-21 16:17:43 - Pipeline - INFO - Fit results saved to /Users/rishi/Documents/Analysis/Sources/AstroImageDetection-fitmodel/HAWC-ImageProcessing-3MLFit/hawc_analysis/Run1/Results/Step2-Source1-Extension-Gaussian_on_sphere/likelihoodResults.fits
2026-08-21 16:17:43 - Pipeline - INFO - Fit Step2-Source1-Extension-Gaussian_on_sphere: -logL=117511.216, AIC=235028.433 (0.29 min)
2026-08-21 16:17:43 - Pipeline - INFO - Extension test Source1 -> Gaussian_on_sphere: delta_TS=-0.11 (threshold 16)
2026-08-21 16:17:43 - Pipeline - INFO - Source Source2 already has spatial shape Gaussian_on_sphere, skipping swap
2026-08-21 16:17:43 - Pipeline - INFO - Skipping background source 'HAWC_bkg_renorm (Parameter)'
2026-08-21 16:17:43 - Pipeline - INFO - Fitting model /Users/rishi/Documents/Analysis/Sources/AstroImageDetection-fitmodel/HAWC-ImageProcessing-3MLFit/hawc_analysis/Run1/Results/Step2-Source2-Extension-Gaussian_on_sphere/curModel.model in /Users/rishi/Documents/Analysis/Sources/AstroImageDetection-fitmodel/HAWC-ImageProcessing-3MLFit/hawc_analysis/Run1/Results/Step2-Source2-Extension-Gaussian_on_sphere  with compute_err=False, compute_TS=True, make_maps=False
2026-08-21 16:17:43 - Pipeline - INFO - Map tree: /Users/rishi/Documents/Analysis/data/maptree-fhit2pct-pass5f-mlp-chunk1-1510.root
2026-08-21 16:17:43 - Pipeline - INFO - Detector response: /Users/rishi/Documents/Analysis/data/detRes-fhit2pct-pass5f-mlp-refit.root
2026-08-21 16:17:43 - Pipeline - INFO - Converted galactic coordinates (l=12.5, b=0) to equatorial (RA=273.2187758272126, Dec=-18.100800822935284)
2026-08-21 16:17:43 - Pipeline - INFO - Model file: /Users/rishi/Documents/Analysis/Sources/AstroImageDetection-fitmodel/HAWC-ImageProcessing-3MLFit/hawc_analysis/Run1/Results/Step2-Source2-Extension-Gaussian_on_sphere/curModel.model
2026-08-21 16:17:43 - Pipeline - INFO - No ROI template provided, computing ROI from provided ra and dec
2026-08-21 16:17:43 - Pipeline - INFO - ROI center: 273.2187758272126, -18.100800822935284
2026-08-21 16:17:43 - Pipeline - INFO - Running threeML fit pipeline with bins: ['B5C0', 'B6C0', 'B7C0', 'B8C0', 'B9C0', 'B10C0']
2026-08-21 16:17:58 - Pipeline - INFO - Running MLE without error estimation
2026-08-21 16:18:56 - Pipeline - INFO - Starting extension fit
2026-08-21 16:18:56 - Pipeline - INFO - Spatial shape of source Point_Source, Alternate model Gaussian_on_sphere
2026-08-21 16:19:00 - Pipeline - INFO - Fitting model /Users/rishi/Documents/Analysis/Sources/AstroImageDetection-fitmodel/HAWC-ImageProcessing-3MLFit/hawc_analysis/Run1/Results/Step2-Source0-Extension-Gaussian_on_sphere/curModel.model in /Users/rishi/Documents/Analysis/Sources/AstroImageDetection-fitmodel/HAWC-ImageProcessing-3MLFit/hawc_analysis/Run1/Results/Step2-Source0-Extension-Gaussian_on_sphere  with compute_err=False, compute_TS=True, make_maps=False
2026-08-21 16:19:00 - Pipeline - INFO - Map tree: /Users/rishi/Documents/Analysis/data/maptree-fhit2pct-pass5f-mlp-chunk1-1510.root
2026-08-21 16:19:00 - Pipeline - INFO - Detector response: /Users/rishi/Documents/Analysis/data/detRes-fhit2pct-pass5f-mlp-refit.root
2026-08-21 16:19:00 - Pipeline - INFO - Converted galactic coordinates (l=12.5, b=0) to equatorial (RA=273.2187758272126, Dec=-18.100800822935284)
2026-08-21 16:19:00 - Pipeline - INFO - Model file: /Users/rishi/Documents/Analysis/Sources/AstroImageDetection-fitmodel/HAWC-ImageProcessing-3MLFit/hawc_analysis/Run1/Results/Step2-Source0-Extension-Gaussian_on_sphere/curModel.model
2026-08-21 16:19:00 - Pipeline - INFO - No ROI template provided, computing ROI from provided ra and dec
2026-08-21 16:19:00 - Pipeline - INFO - ROI center: 273.2187758272126, -18.100800822935284
2026-08-21 16:19:00 - Pipeline - INFO - Running threeML fit pipeline with bins: ['B5C0', 'B6C0', 'B7C0', 'B8C0', 'B9C0', 'B10C0']
2026-08-21 16:19:15 - Pipeline - INFO - Running MLE without error estimation
2026-08-21 16:19:19 - Pipeline - INFO - Fit results saved to /Users/rishi/Documents/Analysis/Sources/AstroImageDetection-fitmodel/HAWC-ImageProcessing-3MLFit/hawc_analysis/Run1/Results/Step2-Source0-Extension-Gaussian_on_sphere/likelihoodResults.fits
2026-08-21 16:19:19 - Pipeline - INFO - Fit Step2-Source0-Extension-Gaussian_on_sphere: -logL=117510.906, AIC=235027.812 (0.32 min)
2026-08-21 16:19:19 - Pipeline - INFO - Extension test Source0 -> Gaussian_on_sphere: delta_TS=0.51 (threshold 16)
2026-08-21 16:19:19 - Pipeline - INFO - Skipping extension test for URM (URM source)
2026-08-21 16:19:19 - Pipeline - INFO - Source Source1 already has spatial shape Gaussian_on_sphere, skipping swap
2026-08-21 16:19:19 - Pipeline - INFO - Skipping background source 'HAWC_bkg_renorm (Parameter)'
2026-08-21 16:19:19 - Pipeline - INFO - Fitting model /Users/rishi/Documents/Analysis/Sources/AstroImageDetection-fitmodel/HAWC-ImageProcessing-3MLFit/hawc_analysis/Run1/Results/Step2-Source1-Extension-Gaussian_on_sphere/curModel.model in /Users/rishi/Documents/Analysis/Sources/AstroImageDetection-fitmodel/HAWC-ImageProcessing-3MLFit/hawc_analysis/Run1/Results/Step2-Source1-Extension-Gaussian_on_sphere  with compute_err=False, compute_TS=True, make_maps=False
2026-08-21 16:19:19 - Pipeline - INFO - Map tree: /Users/rishi/Documents/Analysis/data/maptree-fhit2pct-pass5f-mlp-chunk1-1510.root
2026-08-21 16:19:19 - Pipeline - INFO - Detector response: /Users/rishi/Documents/Analysis/data/detRes-fhit2pct-pass5f-mlp-refit.root
2026-08-21 16:19:19 - Pipeline - INFO - Converted galactic coordinates (l=12.5, b=0) to equatorial (RA=273.2187758272126, Dec=-18.100800822935284)
2026-08-21 16:19:19 - Pipeline - INFO - Model file: /Users/rishi/Documents/Analysis/Sources/AstroImageDetection-fitmodel/HAWC-ImageProcessing-3MLFit/hawc_analysis/Run1/Results/Step2-Source1-Extension-Gaussian_on_sphere/curModel.model
2026-08-21 16:19:19 - Pipeline - INFO - No ROI template provided, computing ROI from provided ra and dec
2026-08-21 16:19:19 - Pipeline - INFO - ROI center: 273.2187758272126, -18.100800822935284
2026-08-21 16:19:19 - Pipeline - INFO - Running threeML fit pipeline with bins: ['B5C0', 'B6C0', 'B7C0', 'B8C0', 'B9C0', 'B10C0']
2026-08-21 16:19:34 - Pipeline - INFO - Running MLE without error estimation
2026-08-21 16:20:50 - Pipeline - INFO - Starting extension fit
2026-08-21 16:20:50 - Pipeline - INFO - Current best log-likelihood: 117511.160
2026-08-21 16:20:50 - Pipeline - INFO - Spatial shape of source Point_Source, Alternate model Gaussian_on_sphere
2026-08-21 16:20:53 - Pipeline - INFO - Fitting model /Users/rishi/Documents/Analysis/Sources/AstroImageDetection-fitmodel/HAWC-ImageProcessing-3MLFit/hawc_analysis/Run1/Results/Step2-Source0-Extension-Gaussian_on_sphere/curModel.model in /Users/rishi/Documents/Analysis/Sources/AstroImageDetection-fitmodel/HAWC-ImageProcessing-3MLFit/hawc_analysis/Run1/Results/Step2-Source0-Extension-Gaussian_on_sphere  with compute_err=False, compute_TS=True, make_maps=False
2026-08-21 16:20:53 - Pipeline - INFO - Map tree: /Users/rishi/Documents/Analysis/data/maptree-fhit2pct-pass5f-mlp-chunk1-1510.root
2026-08-21 16:20:53 - Pipeline - INFO - Detector response: /Users/rishi/Documents/Analysis/data/detRes-fhit2pct-pass5f-mlp-refit.root
2026-08-21 16:20:53 - Pipeline - INFO - Converted galactic coordinates (l=12.5, b=0) to equatorial (RA=273.2187758272126, Dec=-18.100800822935284)
2026-08-21 16:20:53 - Pipeline - INFO - Model file: /Users/rishi/Documents/Analysis/Sources/AstroImageDetection-fitmodel/HAWC-ImageProcessing-3MLFit/hawc_analysis/Run1/Results/Step2-Source0-Extension-Gaussian_on_sphere/curModel.model
2026-08-21 16:20:54 - Pipeline - INFO - No ROI template provided, computing ROI from provided ra and dec
2026-08-21 16:20:54 - Pipeline - INFO - ROI center: 273.2187758272126, -18.100800822935284
2026-08-21 16:20:54 - Pipeline - INFO - Running threeML fit pipeline with bins: ['B5C0', 'B6C0', 'B7C0', 'B8C0', 'B9C0', 'B10C0']
2026-08-21 16:21:09 - Pipeline - INFO - Running MLE without error estimation
2026-08-21 16:26:32 - Pipeline - INFO - Starting extension fit
2026-08-21 16:26:32 - Pipeline - INFO - Current best log-likelihood: 117511.160
2026-08-21 16:26:32 - Pipeline - INFO - Spatial shape of source Point_Source, Alternate model Gaussian_on_sphere
2026-08-21 16:26:34 - Pipeline - INFO - Fitting model /Users/rishi/Documents/Analysis/Sources/AstroImageDetection-fitmodel/HAWC-ImageProcessing-3MLFit/hawc_analysis/Run1/Results/Step2-Source0-Extension-Gaussian_on_sphere/curModel.model in /Users/rishi/Documents/Analysis/Sources/AstroImageDetection-fitmodel/HAWC-ImageProcessing-3MLFit/hawc_analysis/Run1/Results/Step2-Source0-Extension-Gaussian_on_sphere  with compute_err=False, compute_TS=True, make_maps=False
2026-08-21 16:26:34 - Pipeline - INFO - Map tree: /Users/rishi/Documents/Analysis/data/maptree-fhit2pct-pass5f-mlp-chunk1-1510.root
2026-08-21 16:26:34 - Pipeline - INFO - Detector response: /Users/rishi/Documents/Analysis/data/detRes-fhit2pct-pass5f-mlp-refit.root
2026-08-21 16:26:34 - Pipeline - INFO - Converted galactic coordinates (l=12.5, b=0) to equatorial (RA=273.2187758272126, Dec=-18.100800822935284)
2026-08-21 16:26:34 - Pipeline - INFO - Model file: /Users/rishi/Documents/Analysis/Sources/AstroImageDetection-fitmodel/HAWC-ImageProcessing-3MLFit/hawc_analysis/Run1/Results/Step2-Source0-Extension-Gaussian_on_sphere/curModel.model
2026-08-21 16:26:35 - Pipeline - INFO - No ROI template provided, computing ROI from provided ra and dec
2026-08-21 16:26:35 - Pipeline - INFO - ROI center: 273.2187758272126, -18.100800822935284
2026-08-21 16:26:35 - Pipeline - INFO - Running threeML fit pipeline with bins: ['B5C0', 'B6C0', 'B7C0', 'B8C0', 'B9C0', 'B10C0']
2026-08-21 16:26:41 - Pipeline - INFO - Starting extension fit
2026-08-21 16:26:41 - Pipeline - INFO - Current best log-likelihood: 117511.160
2026-08-21 16:26:41 - Pipeline - INFO - Spatial shape of source Point_Source, Alternate model Gaussian_on_sphere
2026-08-21 16:26:44 - Pipeline - INFO - Fitting model /Users/rishi/Documents/Analysis/Sources/AstroImageDetection-fitmodel/HAWC-ImageProcessing-3MLFit/hawc_analysis/Run1/Results/Step2-Source0-Extension-Gaussian_on_sphere/curModel.model in /Users/rishi/Documents/Analysis/Sources/AstroImageDetection-fitmodel/HAWC-ImageProcessing-3MLFit/hawc_analysis/Run1/Results/Step2-Source0-Extension-Gaussian_on_sphere  with compute_err=False, compute_TS=True, make_maps=False
2026-08-21 16:26:44 - Pipeline - INFO - Map tree: /Users/rishi/Documents/Analysis/data/maptree-fhit2pct-pass5f-mlp-chunk1-1510.root
2026-08-21 16:26:44 - Pipeline - INFO - Detector response: /Users/rishi/Documents/Analysis/data/detRes-fhit2pct-pass5f-mlp-refit.root
2026-08-21 16:26:44 - Pipeline - INFO - Converted galactic coordinates (l=12.5, b=0) to equatorial (RA=273.2187758272126, Dec=-18.100800822935284)
2026-08-21 16:26:44 - Pipeline - INFO - Model file: /Users/rishi/Documents/Analysis/Sources/AstroImageDetection-fitmodel/HAWC-ImageProcessing-3MLFit/hawc_analysis/Run1/Results/Step2-Source0-Extension-Gaussian_on_sphere/curModel.model
2026-08-21 16:26:44 - Pipeline - INFO - No ROI template provided, computing ROI from provided ra and dec
2026-08-21 16:26:44 - Pipeline - INFO - ROI center: 273.2187758272126, -18.100800822935284
2026-08-21 16:26:44 - Pipeline - INFO - Running threeML fit pipeline with bins: ['B5C0', 'B6C0', 'B7C0', 'B8C0', 'B9C0', 'B10C0']
2026-08-21 16:26:57 - Pipeline - INFO - Running MLE without error estimation
2026-08-21 16:28:03 - Pipeline - INFO - Starting extension fit
2026-08-21 16:28:03 - Pipeline - INFO - Current best log-likelihood: 117511.160
2026-08-21 16:28:03 - Pipeline - INFO - Spatial shape of source Point_Source, Alternate model Gaussian_on_sphere
2026-08-21 16:28:06 - Pipeline - INFO - Fitting model /Users/rishi/Documents/Analysis/Sources/AstroImageDetection-fitmodel/HAWC-ImageProcessing-3MLFit/hawc_analysis/Run1/Results/Step2-Source0-Extension-Gaussian_on_sphere/curModel.model in /Users/rishi/Documents/Analysis/Sources/AstroImageDetection-fitmodel/HAWC-ImageProcessing-3MLFit/hawc_analysis/Run1/Results/Step2-Source0-Extension-Gaussian_on_sphere  with compute_err=False, compute_TS=True, make_maps=False
2026-08-21 16:28:06 - Pipeline - INFO - Map tree: /Users/rishi/Documents/Analysis/data/maptree-fhit2pct-pass5f-mlp-chunk1-1510.root
2026-08-21 16:28:06 - Pipeline - INFO - Detector response: /Users/rishi/Documents/Analysis/data/detRes-fhit2pct-pass5f-mlp-refit.root
2026-08-21 16:28:06 - Pipeline - INFO - Converted galactic coordinates (l=12.5, b=0) to equatorial (RA=273.2187758272126, Dec=-18.100800822935284)
2026-08-21 16:28:06 - Pipeline - INFO - Model file: /Users/rishi/Documents/Analysis/Sources/AstroImageDetection-fitmodel/HAWC-ImageProcessing-3MLFit/hawc_analysis/Run1/Results/Step2-Source0-Extension-Gaussian_on_sphere/curModel.model
2026-08-21 16:28:06 - Pipeline - INFO - No ROI template provided, computing ROI from provided ra and dec
2026-08-21 16:28:06 - Pipeline - INFO - ROI center: 273.2187758272126, -18.100800822935284
2026-08-21 16:28:06 - Pipeline - INFO - Running threeML fit pipeline with bins: ['B5C0', 'B6C0', 'B7C0', 'B8C0', 'B9C0', 'B10C0']
2026-08-21 16:28:21 - Pipeline - INFO - Running MLE without error estimation
2026-08-21 16:28:25 - Pipeline - INFO - Fit results saved to /Users/rishi/Documents/Analysis/Sources/AstroImageDetection-fitmodel/HAWC-ImageProcessing-3MLFit/hawc_analysis/Run1/Results/Step2-Source0-Extension-Gaussian_on_sphere/likelihoodResults.fits
2026-08-21 16:28:25 - Pipeline - INFO - Fit Step2-Source0-Extension-Gaussian_on_sphere: -logL=117510.906, AIC=235027.812 (0.32 min)
2026-08-21 16:28:25 - Pipeline - INFO - Extension test Source0 -> Gaussian_on_sphere: delta_TS=0.51 (threshold 16)
2026-08-21 16:28:25 - Pipeline - INFO - Skipping extension test for URM (URM source)
2026-08-21 16:28:25 - Pipeline - INFO - Current best log-likelihood: 117511.160
2026-08-21 16:28:25 - Pipeline - INFO - Source Source1 already has spatial shape Gaussian_on_sphere, skipping swap
2026-08-21 16:28:25 - Pipeline - INFO - Current best log-likelihood: 117511.160
2026-08-21 16:28:25 - Pipeline - INFO - Source Source2 already has spatial shape Gaussian_on_sphere, skipping swap
2026-08-21 16:28:51 - Pipeline - INFO - Starting extension fit
2026-08-21 16:28:51 - Pipeline - INFO - Current best log-likelihood: 117511.160
2026-08-21 16:28:51 - Pipeline - INFO - Spatial shape of source Point_Source, Alternate model Gaussian_on_sphere
2026-08-21 16:28:54 - Pipeline - INFO - Fitting model /Users/rishi/Documents/Analysis/Sources/AstroImageDetection-fitmodel/HAWC-ImageProcessing-3MLFit/hawc_analysis/Run1/Results/Step2-Source0-Extension-Gaussian_on_sphere/curModel.model in /Users/rishi/Documents/Analysis/Sources/AstroImageDetection-fitmodel/HAWC-ImageProcessing-3MLFit/hawc_analysis/Run1/Results/Step2-Source0-Extension-Gaussian_on_sphere  with compute_err=False, compute_TS=True, make_maps=False
2026-08-21 16:28:54 - Pipeline - INFO - Map tree: /Users/rishi/Documents/Analysis/data/maptree-fhit2pct-pass5f-mlp-chunk1-1510.root
2026-08-21 16:28:54 - Pipeline - INFO - Detector response: /Users/rishi/Documents/Analysis/data/detRes-fhit2pct-pass5f-mlp-refit.root
2026-08-21 16:28:54 - Pipeline - INFO - Converted galactic coordinates (l=12.5, b=0) to equatorial (RA=273.2187758272126, Dec=-18.100800822935284)
2026-08-21 16:28:54 - Pipeline - INFO - Model file: /Users/rishi/Documents/Analysis/Sources/AstroImageDetection-fitmodel/HAWC-ImageProcessing-3MLFit/hawc_analysis/Run1/Results/Step2-Source0-Extension-Gaussian_on_sphere/curModel.model
2026-08-21 16:28:54 - Pipeline - INFO - No ROI template provided, computing ROI from provided ra and dec
2026-08-21 16:28:54 - Pipeline - INFO - ROI center: 273.2187758272126, -18.100800822935284
2026-08-21 16:28:54 - Pipeline - INFO - Running threeML fit pipeline with bins: ['B5C0', 'B6C0', 'B7C0', 'B8C0', 'B9C0', 'B10C0']
2026-08-21 16:29:10 - Pipeline - INFO - Running MLE without error estimation
2026-08-21 16:29:14 - Pipeline - INFO - Fit results saved to /Users/rishi/Documents/Analysis/Sources/AstroImageDetection-fitmodel/HAWC-ImageProcessing-3MLFit/hawc_analysis/Run1/Results/Step2-Source0-Extension-Gaussian_on_sphere/likelihoodResults.fits
2026-08-21 16:29:14 - Pipeline - INFO - Fit Step2-Source0-Extension-Gaussian_on_sphere: -logL=117510.906, AIC=235027.812 (0.33 min)
2026-08-21 16:29:14 - Pipeline - INFO - Extension test Source0 -> Gaussian_on_sphere: delta_TS=0.51 (threshold 16)
2026-08-21 16:29:14 - Pipeline - INFO - Skipping extension test for URM (URM source)
2026-08-21 16:29:14 - Pipeline - INFO - Current best log-likelihood: 117511.160
2026-08-21 16:29:14 - Pipeline - INFO - Source Source1 already has spatial shape Gaussian_on_sphere, skipping swap
2026-08-21 16:29:14 - Pipeline - INFO - Current best log-likelihood: 117511.160
2026-08-21 16:29:14 - Pipeline - INFO - Source Source2 already has spatial shape Gaussian_on_sphere, skipping swap
