2026-08-24 10:17:51 - Pipeline - INFO - Pipeline logger initialized
2026-08-24 10:17:51 - Pipeline - INFO - Log level: INFO
2026-08-24 10:17:51 - Pipeline - INFO - Pipeline log: logs/pipeline_20260824_101751.log
2026-08-24 10:17:51 - Pipeline - INFO - Full log: logs/full_log_20260824_101751.log
2026-08-24 10:17:51 - Pipeline - INFO - Pipeline test
2026-08-24 10:17:51 - Pipeline - INFO - Initialized DirectoryManager at /Users/rishi/Documents/Analysis/Sources/AstroImageDetection-fitmodel/HAWC-ImageProcessing-3MLFit/hawc_analysis/Run1
2026-08-24 10:17:51 - Pipeline - INFO - Directory structure created at /Users/rishi/Documents/Analysis/Sources/AstroImageDetection-fitmodel/HAWC-ImageProcessing-3MLFit/hawc_analysis/Run1
2026-08-24 10:17:51 - Pipeline - INFO - Significance map already exists at /Users/rishi/Documents/Analysis/Sources/AstroImageDetection-fitmodel/HAWC-ImageProcessing-3MLFit/hawc_analysis/Run1/DataMapDir/significance_map.fits, skipping generation
2026-08-24 10:17:51 - Pipeline - INFO - Searching for FITS files in /Users/rishi/Documents/Analysis/data/fhitcountmaps/
2026-08-24 10:17:51 - Pipeline - INFO - Looking for bins: ['B2C0', 'B3C0', 'B4C0', 'B5C0', 'B6C0', 'B7C0', 'B8C0', 'B9C0', 'B10C0']
2026-08-24 10:17:51 - Pipeline - INFO - Found 9/9 energy bins
2026-08-24 10:17:51 - Pipeline - INFO - Creating HEALPix map from 9 FITS files
2026-08-24 10:17:51 - Pipeline - INFO - Energy bins: ['B2C0', 'B3C0', 'B4C0', 'B5C0', 'B6C0', 'B7C0', 'B8C0', 'B9C0', 'B10C0']
2026-08-24 10:17:51 - Pipeline - INFO - Executing HealpixSigFluxMap command:
2026-08-24 10:18:34 - Pipeline - INFO - HEALPix map created successfully: /Users/rishi/Documents/Analysis/Sources/AstroImageDetection-fitmodel/HAWC-ImageProcessing-3MLFit/hawc_analysis/Run1/DataMapDir/significance_map.fits
2026-08-24 10:18:34 - Pipeline - INFO - Using significance map created: /Users/rishi/Documents/Analysis/Sources/AstroImageDetection-fitmodel/HAWC-ImageProcessing-3MLFit/hawc_analysis/Run1/DataMapDir/significance_map.fits
2026-08-24 10:18:34 - Pipeline - INFO - Using galactic coordinates from config: (l=184.25262566216776, b=-6.287179548958748)
2026-08-24 10:18:34 - Pipeline - INFO - ROI size: 4.0° x 4.0°
2026-08-24 10:18:34 - Pipeline - INFO - Output directory for seeding: /Users/rishi/Documents/Analysis/Sources/AstroImageDetection-fitmodel/HAWC-ImageProcessing-3MLFit/hawc_analysis/Run1/Results/Step0-Allpoint-sources
2026-08-24 10:18:34 - Pipeline - INFO - Running seed model search in /Users/rishi/Documents/Analysis/Sources/AstroImageDetection-fitmodel/HAWC-ImageProcessing-3MLFit/hawc_analysis/Run1/Results/Step0-Allpoint-sources
2026-08-24 10:18:34 - Pipeline - INFO - Loading HAWC data from /Users/rishi/Documents/Analysis/Sources/AstroImageDetection-fitmodel/HAWC-ImageProcessing-3MLFit/hawc_analysis/Run1/DataMapDir/significance_map.fits
2026-08-24 10:19:03 - Pipeline - INFO - Found 2 sources, 2 within original ROI
2026-08-24 10:19:03 - Pipeline - INFO - Results saved to: /Users/rishi/Documents/Analysis/Sources/AstroImageDetection-fitmodel/HAWC-ImageProcessing-3MLFit/hawc_analysis/Run1/Results/Step0-Allpoint-sources/filtered_sources.yaml
2026-08-24 10:19:03 - Pipeline - INFO - Results saved to: /Users/rishi/Documents/Analysis/Sources/AstroImageDetection-fitmodel/HAWC-ImageProcessing-3MLFit/hawc_analysis/Run1/Results/Step0-Allpoint-sources/filtered_sources.yaml
2026-08-24 10:20:25 - Pipeline - INFO - Starting source_fitter (DRIPS-seeded in-process fit)
2026-08-24 10:20:25 - Pipeline - INFO - Running joint fit on DRIPS seed model (/Users/rishi/Documents/Analysis/Sources/AstroImageDetection-fitmodel/HAWC-ImageProcessing-3MLFit/hawc_analysis/Run1/Results/Step0-Allpoint-sources/curModel.model) in /Users/rishi/Documents/Analysis/Sources/AstroImageDetection-fitmodel/HAWC-ImageProcessing-3MLFit/hawc_analysis/Run1/Results/Step1-JointFit
2026-08-24 10:20:25 - Pipeline - INFO - Fitting model /Users/rishi/Documents/Analysis/Sources/AstroImageDetection-fitmodel/HAWC-ImageProcessing-3MLFit/hawc_analysis/Run1/Results/Step0-Allpoint-sources/curModel.model in /Users/rishi/Documents/Analysis/Sources/AstroImageDetection-fitmodel/HAWC-ImageProcessing-3MLFit/hawc_analysis/Run1/Results/Step1-JointFit  with compute_err=False, compute_TS=True, make_maps=True
2026-08-24 10:20:25 - Pipeline - INFO - Map tree: /Users/rishi/Documents/Analysis/data/maptree-fhit2pct-pass5f-mlp-chunk1-1510.root
2026-08-24 10:20:25 - Pipeline - INFO - Detector response: /Users/rishi/Documents/Analysis/data/detRes-fhit2pct-pass5f-mlp-refit.root
2026-08-24 10:20:25 - Pipeline - INFO - Model file: /Users/rishi/Documents/Analysis/Sources/AstroImageDetection-fitmodel/HAWC-ImageProcessing-3MLFit/hawc_analysis/Run1/Results/Step0-Allpoint-sources/curModel.model
2026-08-24 10:20:26 - Pipeline - INFO - No ROI template provided, computing ROI from provided ra and dec
2026-08-24 10:20:26 - Pipeline - INFO - ROI center: 83, 22
2026-08-24 10:20:26 - Pipeline - INFO - Running threeML fit pipeline with bins: ['B2C0', 'B3C0', 'B4C0', 'B5C0', 'B6C0', 'B7C0', 'B8C0', 'B9C0', 'B10C0']
2026-08-24 10:25:35 - Pipeline - INFO - Starting source_fitter (DRIPS-seeded in-process fit)
2026-08-24 10:25:35 - Pipeline - INFO - Running joint fit on DRIPS seed model (/Users/rishi/Documents/Analysis/Sources/AstroImageDetection-fitmodel/HAWC-ImageProcessing-3MLFit/hawc_analysis/Run1/Results/Step0-Allpoint-sources/curModel.model) in /Users/rishi/Documents/Analysis/Sources/AstroImageDetection-fitmodel/HAWC-ImageProcessing-3MLFit/hawc_analysis/Run1/Results/Step1-JointFit
2026-08-24 10:25:35 - Pipeline - INFO - Fitting model /Users/rishi/Documents/Analysis/Sources/AstroImageDetection-fitmodel/HAWC-ImageProcessing-3MLFit/hawc_analysis/Run1/Results/Step0-Allpoint-sources/curModel.model in /Users/rishi/Documents/Analysis/Sources/AstroImageDetection-fitmodel/HAWC-ImageProcessing-3MLFit/hawc_analysis/Run1/Results/Step1-JointFit  with compute_err=False, compute_TS=True, make_maps=True
2026-08-24 10:25:35 - Pipeline - INFO - Map tree: /Users/rishi/Documents/Analysis/data/maptree-fhit2pct-pass5f-mlp-chunk1-1510.root
2026-08-24 10:25:35 - Pipeline - INFO - Detector response: /Users/rishi/Documents/Analysis/data/detRes-fhit2pct-pass5f-mlp-refit.root
2026-08-24 10:25:35 - Pipeline - INFO - Model file: /Users/rishi/Documents/Analysis/Sources/AstroImageDetection-fitmodel/HAWC-ImageProcessing-3MLFit/hawc_analysis/Run1/Results/Step0-Allpoint-sources/curModel.model
2026-08-24 10:25:35 - Pipeline - INFO - No ROI template provided, computing ROI from provided ra and dec
2026-08-24 10:25:35 - Pipeline - INFO - ROI center: 83, 22
2026-08-24 10:25:35 - Pipeline - INFO - Running threeML fit pipeline with bins: ['B2C0', 'B3C0', 'B4C0', 'B5C0', 'B6C0', 'B7C0', 'B8C0', 'B9C0', 'B10C0']
2026-08-24 10:30:00 - Pipeline - INFO - Using significance map created: /Users/rishi/Documents/Analysis/Sources/AstroImageDetection-fitmodel/HAWC-ImageProcessing-3MLFit/hawc_analysis/Run1/DataMapDir/significance_map.fits
2026-08-24 10:30:00 - Pipeline - INFO - Using galactic coordinates from config: (l=184.25262566216776, b=-6.287179548958748)
2026-08-24 10:30:00 - Pipeline - INFO - ROI size: 4.0° x 4.0°
2026-08-24 10:30:00 - Pipeline - INFO - Output directory for seeding: /Users/rishi/Documents/Analysis/Sources/AstroImageDetection-fitmodel/HAWC-ImageProcessing-3MLFit/hawc_analysis/Run1/Results/Step0-Allpoint-sources
2026-08-24 10:30:00 - Pipeline - INFO - Running seed model search in /Users/rishi/Documents/Analysis/Sources/AstroImageDetection-fitmodel/HAWC-ImageProcessing-3MLFit/hawc_analysis/Run1/Results/Step0-Allpoint-sources
2026-08-24 10:30:00 - Pipeline - INFO - Loading HAWC data from /Users/rishi/Documents/Analysis/Sources/AstroImageDetection-fitmodel/HAWC-ImageProcessing-3MLFit/hawc_analysis/Run1/DataMapDir/significance_map.fits
2026-08-24 10:30:28 - Pipeline - INFO - Found 2 sources, 2 within original ROI
2026-08-24 10:30:28 - Pipeline - INFO - Results saved to: /Users/rishi/Documents/Analysis/Sources/AstroImageDetection-fitmodel/HAWC-ImageProcessing-3MLFit/hawc_analysis/Run1/Results/Step0-Allpoint-sources/filtered_sources.yaml
2026-08-24 10:30:28 - Pipeline - INFO - Results saved to: /Users/rishi/Documents/Analysis/Sources/AstroImageDetection-fitmodel/HAWC-ImageProcessing-3MLFit/hawc_analysis/Run1/Results/Step0-Allpoint-sources/filtered_sources.yaml
2026-08-24 10:30:29 - Pipeline - INFO - Starting source_fitter (DRIPS-seeded in-process fit)
2026-08-24 10:30:29 - Pipeline - INFO - Running joint fit on DRIPS seed model (/Users/rishi/Documents/Analysis/Sources/AstroImageDetection-fitmodel/HAWC-ImageProcessing-3MLFit/hawc_analysis/Run1/Results/Step0-Allpoint-sources/curModel.model) in /Users/rishi/Documents/Analysis/Sources/AstroImageDetection-fitmodel/HAWC-ImageProcessing-3MLFit/hawc_analysis/Run1/Results/Step1-JointFit
2026-08-24 10:30:29 - Pipeline - INFO - Fitting model /Users/rishi/Documents/Analysis/Sources/AstroImageDetection-fitmodel/HAWC-ImageProcessing-3MLFit/hawc_analysis/Run1/Results/Step0-Allpoint-sources/curModel.model in /Users/rishi/Documents/Analysis/Sources/AstroImageDetection-fitmodel/HAWC-ImageProcessing-3MLFit/hawc_analysis/Run1/Results/Step1-JointFit  with compute_err=False, compute_TS=True, make_maps=True
2026-08-24 10:30:29 - Pipeline - INFO - Map tree: /Users/rishi/Documents/Analysis/data/maptree-fhit2pct-pass5f-mlp-chunk1-1510.root
2026-08-24 10:30:29 - Pipeline - INFO - Detector response: /Users/rishi/Documents/Analysis/data/detRes-fhit2pct-pass5f-mlp-refit.root
2026-08-24 10:30:29 - Pipeline - INFO - Model file: /Users/rishi/Documents/Analysis/Sources/AstroImageDetection-fitmodel/HAWC-ImageProcessing-3MLFit/hawc_analysis/Run1/Results/Step0-Allpoint-sources/curModel.model
2026-08-24 10:30:29 - Pipeline - INFO - No ROI template provided, computing ROI from provided ra and dec
2026-08-24 10:30:29 - Pipeline - INFO - ROI center: 83, 22
2026-08-24 10:30:29 - Pipeline - INFO - Running threeML fit pipeline with bins: ['B2C0', 'B3C0', 'B4C0', 'B5C0', 'B6C0', 'B7C0', 'B8C0', 'B9C0', 'B10C0']
2026-08-24 10:30:43 - Pipeline - INFO - Running MLE without error estimation
2026-08-24 10:33:59 - Pipeline - INFO - Using significance map created: /Users/rishi/Documents/Analysis/Sources/AstroImageDetection-fitmodel/HAWC-ImageProcessing-3MLFit/hawc_analysis/Run1/DataMapDir/significance_map.fits
2026-08-24 10:33:59 - Pipeline - INFO - Using galactic coordinates from config: (l=184.25262566216776, b=-6.287179548958748)
2026-08-24 10:33:59 - Pipeline - INFO - ROI size: 4.0° x 4.0°
2026-08-24 10:33:59 - Pipeline - INFO - Output directory for seeding: /Users/rishi/Documents/Analysis/Sources/AstroImageDetection-fitmodel/HAWC-ImageProcessing-3MLFit/hawc_analysis/Run1/Results/Step0-Allpoint-sources
2026-08-24 10:33:59 - Pipeline - INFO - Running seed model search in /Users/rishi/Documents/Analysis/Sources/AstroImageDetection-fitmodel/HAWC-ImageProcessing-3MLFit/hawc_analysis/Run1/Results/Step0-Allpoint-sources
2026-08-24 10:33:59 - Pipeline - INFO - Loading HAWC data from /Users/rishi/Documents/Analysis/Sources/AstroImageDetection-fitmodel/HAWC-ImageProcessing-3MLFit/hawc_analysis/Run1/DataMapDir/significance_map.fits
2026-08-24 10:34:28 - Pipeline - INFO - Found 2 sources, 2 within original ROI
2026-08-24 10:34:28 - Pipeline - INFO - Results saved to: /Users/rishi/Documents/Analysis/Sources/AstroImageDetection-fitmodel/HAWC-ImageProcessing-3MLFit/hawc_analysis/Run1/Results/Step0-Allpoint-sources/filtered_sources.yaml
2026-08-24 10:34:28 - Pipeline - INFO - Results saved to: /Users/rishi/Documents/Analysis/Sources/AstroImageDetection-fitmodel/HAWC-ImageProcessing-3MLFit/hawc_analysis/Run1/Results/Step0-Allpoint-sources/filtered_sources.yaml
2026-08-24 10:34:32 - Pipeline - INFO - Starting source_fitter (DRIPS-seeded in-process fit)
2026-08-24 10:34:32 - Pipeline - INFO - Running joint fit on DRIPS seed model (/Users/rishi/Documents/Analysis/Sources/AstroImageDetection-fitmodel/HAWC-ImageProcessing-3MLFit/hawc_analysis/Run1/Results/Step0-Allpoint-sources/curModel.model) in /Users/rishi/Documents/Analysis/Sources/AstroImageDetection-fitmodel/HAWC-ImageProcessing-3MLFit/hawc_analysis/Run1/Results/Step1-JointFit
2026-08-24 10:34:32 - Pipeline - INFO - Fitting model /Users/rishi/Documents/Analysis/Sources/AstroImageDetection-fitmodel/HAWC-ImageProcessing-3MLFit/hawc_analysis/Run1/Results/Step0-Allpoint-sources/curModel.model in /Users/rishi/Documents/Analysis/Sources/AstroImageDetection-fitmodel/HAWC-ImageProcessing-3MLFit/hawc_analysis/Run1/Results/Step1-JointFit  with compute_err=False, compute_TS=True, make_maps=True
2026-08-24 10:34:32 - Pipeline - INFO - Map tree: /Users/rishi/Documents/Analysis/data/maptree-fhit2pct-pass5f-mlp-chunk1-1510.root
2026-08-24 10:34:32 - Pipeline - INFO - Detector response: /Users/rishi/Documents/Analysis/data/detRes-fhit2pct-pass5f-mlp-refit.root
2026-08-24 10:34:32 - Pipeline - INFO - Model file: /Users/rishi/Documents/Analysis/Sources/AstroImageDetection-fitmodel/HAWC-ImageProcessing-3MLFit/hawc_analysis/Run1/Results/Step0-Allpoint-sources/curModel.model
2026-08-24 10:34:32 - Pipeline - INFO - No ROI template provided, computing ROI from provided ra and dec
2026-08-24 10:34:32 - Pipeline - INFO - ROI center: 83, 22
2026-08-24 10:34:32 - Pipeline - INFO - Running threeML fit pipeline with bins: ['B2C0', 'B3C0', 'B4C0', 'B5C0', 'B6C0', 'B7C0', 'B8C0', 'B9C0', 'B10C0']
2026-08-24 10:34:47 - Pipeline - INFO - Running MLE without error estimation
2026-08-24 10:35:40 - Pipeline - INFO - Fit results saved to /Users/rishi/Documents/Analysis/Sources/AstroImageDetection-fitmodel/HAWC-ImageProcessing-3MLFit/hawc_analysis/Run1/Results/Step1-JointFit/likelihoodResults.fits
2026-08-24 10:35:40 - Pipeline - INFO - Calculating TS for all sources in the model
2026-08-24 10:35:40 - Pipeline - INFO - Computing TS for source: Source0
2026-08-24 10:35:44 - Pipeline - INFO - TS for source Source0: 98268.5189403629
2026-08-24 10:35:44 - Pipeline - INFO - Computing TS for source: Source1
2026-08-24 10:35:47 - Pipeline - INFO - Error computing TS for source Source1: 
2026-08-24 10:35:47 - Pipeline - INFO - Saving HAL output maps
2026-08-24 10:35:47 - Pipeline - INFO - SAVE A BIG MAP
2026-08-24 10:36:17 - Pipeline - INFO - Writing model map...
2026-08-24 10:36:17 - Pipeline - INFO - Fit Step1-JointFit: -logL=200054.622, AIC=400125.244 (1.76 min)
2026-08-24 10:36:17 - Pipeline - INFO - Converting HDF5 to FITS: residual_fit.hd5
2026-08-24 10:36:23 - Pipeline - INFO - Created FITS file: /Users/rishi/Documents/Analysis/Sources/AstroImageDetection-fitmodel/HAWC-ImageProcessing-3MLFit/hawc_analysis/Run1/Results/Step1-JointFit/fits/residual_binB2C0.fits.gz
2026-08-24 10:36:28 - Pipeline - INFO - Created FITS file: /Users/rishi/Documents/Analysis/Sources/AstroImageDetection-fitmodel/HAWC-ImageProcessing-3MLFit/hawc_analysis/Run1/Results/Step1-JointFit/fits/residual_binB3C0.fits.gz
2026-08-24 10:36:32 - Pipeline - INFO - Created FITS file: /Users/rishi/Documents/Analysis/Sources/AstroImageDetection-fitmodel/HAWC-ImageProcessing-3MLFit/hawc_analysis/Run1/Results/Step1-JointFit/fits/residual_binB4C0.fits.gz
2026-08-24 10:36:37 - Pipeline - INFO - Created FITS file: /Users/rishi/Documents/Analysis/Sources/AstroImageDetection-fitmodel/HAWC-ImageProcessing-3MLFit/hawc_analysis/Run1/Results/Step1-JointFit/fits/residual_binB5C0.fits.gz
2026-08-24 10:36:41 - Pipeline - INFO - Created FITS file: /Users/rishi/Documents/Analysis/Sources/AstroImageDetection-fitmodel/HAWC-ImageProcessing-3MLFit/hawc_analysis/Run1/Results/Step1-JointFit/fits/residual_binB6C0.fits.gz
2026-08-24 10:36:44 - Pipeline - INFO - Created FITS file: /Users/rishi/Documents/Analysis/Sources/AstroImageDetection-fitmodel/HAWC-ImageProcessing-3MLFit/hawc_analysis/Run1/Results/Step1-JointFit/fits/residual_binB7C0.fits.gz
2026-08-24 10:36:47 - Pipeline - INFO - Created FITS file: /Users/rishi/Documents/Analysis/Sources/AstroImageDetection-fitmodel/HAWC-ImageProcessing-3MLFit/hawc_analysis/Run1/Results/Step1-JointFit/fits/residual_binB8C0.fits.gz
2026-08-24 10:36:50 - Pipeline - INFO - Created FITS file: /Users/rishi/Documents/Analysis/Sources/AstroImageDetection-fitmodel/HAWC-ImageProcessing-3MLFit/hawc_analysis/Run1/Results/Step1-JointFit/fits/residual_binB9C0.fits.gz
2026-08-24 10:36:52 - Pipeline - INFO - Created FITS file: /Users/rishi/Documents/Analysis/Sources/AstroImageDetection-fitmodel/HAWC-ImageProcessing-3MLFit/hawc_analysis/Run1/Results/Step1-JointFit/fits/residual_binB10C0.fits.gz
2026-08-24 10:36:52 - Pipeline - INFO - Successfully converted 9 energy bins to FITS
2026-08-24 10:36:52 - Pipeline - INFO - Creating HEALPix map from 9 FITS files
2026-08-24 10:36:52 - Pipeline - INFO - Energy bins: ['B2C0', 'B3C0', 'B4C0', 'B5C0', 'B6C0', 'B7C0', 'B8C0', 'B9C0', 'B10C0']
2026-08-24 10:36:52 - Pipeline - INFO - Executing HealpixSigFluxMap command:
2026-08-24 10:37:22 - Pipeline - INFO - HEALPix map created successfully: /Users/rishi/Documents/Analysis/Sources/AstroImageDetection-fitmodel/HAWC-ImageProcessing-3MLFit/hawc_analysis/Run1/Results/Step1-JointFit/fits/residual.fits
2026-08-24 10:37:23 - Pipeline - INFO - Max value in residual map: nan
2026-08-24 10:37:23 - Pipeline - INFO - Converting HDF5 to FITS: residual_fit.hd5
2026-08-24 10:37:29 - Pipeline - INFO - Created FITS file: /Users/rishi/Documents/Analysis/Sources/AstroImageDetection-fitmodel/HAWC-ImageProcessing-3MLFit/hawc_analysis/Run1/Results/Step1-JointFit/fits/residual_binB2C0.fits.gz
2026-08-24 10:37:34 - Pipeline - INFO - Created FITS file: /Users/rishi/Documents/Analysis/Sources/AstroImageDetection-fitmodel/HAWC-ImageProcessing-3MLFit/hawc_analysis/Run1/Results/Step1-JointFit/fits/residual_binB3C0.fits.gz
2026-08-24 10:37:38 - Pipeline - INFO - Created FITS file: /Users/rishi/Documents/Analysis/Sources/AstroImageDetection-fitmodel/HAWC-ImageProcessing-3MLFit/hawc_analysis/Run1/Results/Step1-JointFit/fits/residual_binB4C0.fits.gz
2026-08-24 10:37:43 - Pipeline - INFO - Created FITS file: /Users/rishi/Documents/Analysis/Sources/AstroImageDetection-fitmodel/HAWC-ImageProcessing-3MLFit/hawc_analysis/Run1/Results/Step1-JointFit/fits/residual_binB5C0.fits.gz
2026-08-24 10:37:47 - Pipeline - INFO - Created FITS file: /Users/rishi/Documents/Analysis/Sources/AstroImageDetection-fitmodel/HAWC-ImageProcessing-3MLFit/hawc_analysis/Run1/Results/Step1-JointFit/fits/residual_binB6C0.fits.gz
2026-08-24 10:37:50 - Pipeline - INFO - Created FITS file: /Users/rishi/Documents/Analysis/Sources/AstroImageDetection-fitmodel/HAWC-ImageProcessing-3MLFit/hawc_analysis/Run1/Results/Step1-JointFit/fits/residual_binB7C0.fits.gz
2026-08-24 10:37:53 - Pipeline - INFO - Created FITS file: /Users/rishi/Documents/Analysis/Sources/AstroImageDetection-fitmodel/HAWC-ImageProcessing-3MLFit/hawc_analysis/Run1/Results/Step1-JointFit/fits/residual_binB8C0.fits.gz
2026-08-24 10:37:56 - Pipeline - INFO - Created FITS file: /Users/rishi/Documents/Analysis/Sources/AstroImageDetection-fitmodel/HAWC-ImageProcessing-3MLFit/hawc_analysis/Run1/Results/Step1-JointFit/fits/residual_binB9C0.fits.gz
2026-08-24 10:37:58 - Pipeline - INFO - Created FITS file: /Users/rishi/Documents/Analysis/Sources/AstroImageDetection-fitmodel/HAWC-ImageProcessing-3MLFit/hawc_analysis/Run1/Results/Step1-JointFit/fits/residual_binB10C0.fits.gz
2026-08-24 10:37:58 - Pipeline - INFO - Successfully converted 9 energy bins to FITS
2026-08-24 10:37:58 - Pipeline - INFO - Output FITS file /Users/rishi/Documents/Analysis/Sources/AstroImageDetection-fitmodel/HAWC-ImageProcessing-3MLFit/hawc_analysis/Run1/Results/Step1-JointFit/fits/residual.fits already exists, skipping map generation
2026-08-24 10:38:18 - Pipeline - INFO - Sources in the model: ['Source0', 'Source1']
2026-08-24 10:38:18 - Pipeline - INFO - Baseline log-likelihood: 200054.62190030178
2026-08-24 10:38:18 - Pipeline - INFO - Alternate spatial models: ['Gaussian_on_sphere']
2026-08-24 10:38:35 - Pipeline - INFO - Sources in the model: ['Source0', 'Source1']
2026-08-24 10:38:35 - Pipeline - INFO - Baseline log-likelihood: 200054.62190030178
2026-08-24 10:38:35 - Pipeline - INFO - Alternate spatial models: ['Gaussian_on_sphere']
2026-08-24 10:38:35 - Pipeline - INFO - Alternate spectral models: ['Cutoff_powerlaw', 'LogParabola']
2026-08-24 10:38:43 - Pipeline - INFO - Starting extension fit
2026-08-24 10:38:43 - Pipeline - INFO - Diffuse background normalization status during spectrum test: True
2026-08-24 10:38:43 - Pipeline - INFO - TESTING OVERRIDE ACTIVE: forcing TS for source 'Source0' below threshold 25 after every trial fit. Unset testing.force_low_ts_source for production runs.
2026-08-24 10:38:43 - Pipeline - INFO - Current best log-likelihood: 200054.622
2026-08-24 10:38:43 - Pipeline - INFO - Spatial shape of source Point_Source, Alternate model Gaussian_on_sphere
2026-08-24 10:38:43 - Pipeline - INFO - SOURCE Source1 : param ra -> FIXED (not in param_names)
2026-08-24 10:38:43 - Pipeline - INFO - SOURCE Source1 : param dec -> FIXED (not in param_names)
2026-08-24 10:38:43 - Pipeline - INFO - TESTING SPECTRAL
2026-08-24 10:38:43 - Pipeline - INFO - SOURCE Source1 : param K -> free=True
2026-08-24 10:38:43 - Pipeline - INFO - SOURCE Source1 : param piv -> FIXED (not in param_names)
2026-08-24 10:38:43 - Pipeline - INFO - SOURCE Source1 : param index -> free=True
2026-08-24 10:38:43 - Pipeline - INFO - Fitting model /Users/rishi/Documents/Analysis/Sources/AstroImageDetection-fitmodel/HAWC-ImageProcessing-3MLFit/hawc_analysis/Run1/Results/Step2-Source0-Extension-Gaussian_on_sphere/curModel.model in /Users/rishi/Documents/Analysis/Sources/AstroImageDetection-fitmodel/HAWC-ImageProcessing-3MLFit/hawc_analysis/Run1/Results/Step2-Source0-Extension-Gaussian_on_sphere  with compute_err=False, compute_TS=False, make_maps=True
2026-08-24 10:38:43 - Pipeline - INFO - Map tree: /Users/rishi/Documents/Analysis/data/maptree-fhit2pct-pass5f-mlp-chunk1-1510.root
2026-08-24 10:38:43 - Pipeline - INFO - Detector response: /Users/rishi/Documents/Analysis/data/detRes-fhit2pct-pass5f-mlp-refit.root
2026-08-24 10:38:43 - Pipeline - INFO - Model file: /Users/rishi/Documents/Analysis/Sources/AstroImageDetection-fitmodel/HAWC-ImageProcessing-3MLFit/hawc_analysis/Run1/Results/Step2-Source0-Extension-Gaussian_on_sphere/curModel.model
2026-08-24 10:38:43 - Pipeline - INFO - No ROI template provided, computing ROI from provided ra and dec
2026-08-24 10:38:43 - Pipeline - INFO - ROI center: 83, 22
2026-08-24 10:38:43 - Pipeline - INFO - Running threeML fit pipeline with bins: ['B2C0', 'B3C0', 'B4C0', 'B5C0', 'B6C0', 'B7C0', 'B8C0', 'B9C0', 'B10C0']
2026-08-24 10:38:57 - Pipeline - INFO - Running MLE without error estimation
2026-08-24 10:39:09 - Pipeline - INFO - Sources in the model: ['Source0', 'Source1']
2026-08-24 10:39:09 - Pipeline - INFO - Baseline log-likelihood: 200054.62190030178
2026-08-24 10:39:09 - Pipeline - INFO - Alternate spatial models: ['Gaussian_on_sphere']
2026-08-24 10:39:09 - Pipeline - INFO - Alternate spectral models: ['Cutoff_powerlaw', 'LogParabola']
2026-08-24 10:39:11 - Pipeline - INFO - Starting extension fit
2026-08-24 10:39:11 - Pipeline - INFO - Diffuse background normalization status during spectrum test: True
2026-08-24 10:39:11 - Pipeline - INFO - Current best log-likelihood: 200054.622
2026-08-24 10:39:11 - Pipeline - INFO - Spatial shape of source Point_Source, Alternate model Gaussian_on_sphere
2026-08-24 10:39:11 - Pipeline - INFO - SOURCE Source1 : param ra -> FIXED (not in param_names)
2026-08-24 10:39:11 - Pipeline - INFO - SOURCE Source1 : param dec -> FIXED (not in param_names)
2026-08-24 10:39:11 - Pipeline - INFO - TESTING SPECTRAL
2026-08-24 10:39:11 - Pipeline - INFO - SOURCE Source1 : param K -> free=True
2026-08-24 10:39:11 - Pipeline - INFO - SOURCE Source1 : param piv -> FIXED (not in param_names)
2026-08-24 10:39:11 - Pipeline - INFO - SOURCE Source1 : param index -> free=True
2026-08-24 10:39:11 - Pipeline - INFO - Fitting model /Users/rishi/Documents/Analysis/Sources/AstroImageDetection-fitmodel/HAWC-ImageProcessing-3MLFit/hawc_analysis/Run1/Results/Step2-Source0-Extension-Gaussian_on_sphere/curModel.model in /Users/rishi/Documents/Analysis/Sources/AstroImageDetection-fitmodel/HAWC-ImageProcessing-3MLFit/hawc_analysis/Run1/Results/Step2-Source0-Extension-Gaussian_on_sphere  with compute_err=False, compute_TS=False, make_maps=True
2026-08-24 10:39:11 - Pipeline - INFO - Map tree: /Users/rishi/Documents/Analysis/data/maptree-fhit2pct-pass5f-mlp-chunk1-1510.root
2026-08-24 10:39:11 - Pipeline - INFO - Detector response: /Users/rishi/Documents/Analysis/data/detRes-fhit2pct-pass5f-mlp-refit.root
2026-08-24 10:39:11 - Pipeline - INFO - Model file: /Users/rishi/Documents/Analysis/Sources/AstroImageDetection-fitmodel/HAWC-ImageProcessing-3MLFit/hawc_analysis/Run1/Results/Step2-Source0-Extension-Gaussian_on_sphere/curModel.model
2026-08-24 10:39:11 - Pipeline - INFO - No ROI template provided, computing ROI from provided ra and dec
2026-08-24 10:39:11 - Pipeline - INFO - ROI center: 83, 22
2026-08-24 10:39:11 - Pipeline - INFO - Running threeML fit pipeline with bins: ['B2C0', 'B3C0', 'B4C0', 'B5C0', 'B6C0', 'B7C0', 'B8C0', 'B9C0', 'B10C0']
2026-08-24 10:39:25 - Pipeline - INFO - Running MLE without error estimation
2026-08-24 10:39:35 - Pipeline - INFO - Fit results saved to /Users/rishi/Documents/Analysis/Sources/AstroImageDetection-fitmodel/HAWC-ImageProcessing-3MLFit/hawc_analysis/Run1/Results/Step2-Source0-Extension-Gaussian_on_sphere/likelihoodResults.fits
2026-08-24 10:39:35 - Pipeline - INFO - Saving HAL output maps
2026-08-24 10:39:35 - Pipeline - INFO - SAVE A BIG MAP
2026-08-24 10:39:57 - Pipeline - INFO - Writing model map...
2026-08-24 10:39:57 - Pipeline - INFO - Fit Step2-Source0-Extension-Gaussian_on_sphere: -logL=200484.352, AIC=400978.704 (0.77 min)
2026-08-24 10:39:57 - Pipeline - INFO - Extension test Source0 -> Gaussian_on_sphere: delta_TS=-859.46 (threshold 16)
2026-08-24 10:39:57 - Pipeline - INFO - Rejected alternate spatial model Gaussian_on_sphere for Source0; skipping TS computation
2026-08-24 10:39:57 - Pipeline - INFO - Current best log-likelihood: 200054.622
2026-08-24 10:39:57 - Pipeline - INFO - Spatial shape of source Point_Source, Alternate model Gaussian_on_sphere
2026-08-24 10:39:57 - Pipeline - INFO - SOURCE Source0 : param ra -> FIXED (not in param_names)
2026-08-24 10:39:57 - Pipeline - INFO - SOURCE Source0 : param dec -> FIXED (not in param_names)
2026-08-24 10:39:57 - Pipeline - INFO - TESTING SPECTRAL
2026-08-24 10:39:57 - Pipeline - INFO - SOURCE Source0 : param K -> free=True
2026-08-24 10:39:57 - Pipeline - INFO - SOURCE Source0 : param piv -> FIXED (not in param_names)
2026-08-24 10:39:57 - Pipeline - INFO - SOURCE Source0 : param index -> free=True
2026-08-24 10:39:58 - Pipeline - INFO - Fitting model /Users/rishi/Documents/Analysis/Sources/AstroImageDetection-fitmodel/HAWC-ImageProcessing-3MLFit/hawc_analysis/Run1/Results/Step2-Source1-Extension-Gaussian_on_sphere/curModel.model in /Users/rishi/Documents/Analysis/Sources/AstroImageDetection-fitmodel/HAWC-ImageProcessing-3MLFit/hawc_analysis/Run1/Results/Step2-Source1-Extension-Gaussian_on_sphere  with compute_err=False, compute_TS=False, make_maps=True
2026-08-24 10:39:58 - Pipeline - INFO - Map tree: /Users/rishi/Documents/Analysis/data/maptree-fhit2pct-pass5f-mlp-chunk1-1510.root
2026-08-24 10:39:58 - Pipeline - INFO - Detector response: /Users/rishi/Documents/Analysis/data/detRes-fhit2pct-pass5f-mlp-refit.root
2026-08-24 10:39:58 - Pipeline - INFO - Model file: /Users/rishi/Documents/Analysis/Sources/AstroImageDetection-fitmodel/HAWC-ImageProcessing-3MLFit/hawc_analysis/Run1/Results/Step2-Source1-Extension-Gaussian_on_sphere/curModel.model
2026-08-24 10:39:58 - Pipeline - INFO - No ROI template provided, computing ROI from provided ra and dec
2026-08-24 10:39:58 - Pipeline - INFO - ROI center: 83, 22
2026-08-24 10:39:58 - Pipeline - INFO - Running threeML fit pipeline with bins: ['B2C0', 'B3C0', 'B4C0', 'B5C0', 'B6C0', 'B7C0', 'B8C0', 'B9C0', 'B10C0']
2026-08-24 10:40:12 - Pipeline - INFO - Running MLE without error estimation
2026-08-24 10:40:19 - Pipeline - INFO - Fit results saved to /Users/rishi/Documents/Analysis/Sources/AstroImageDetection-fitmodel/HAWC-ImageProcessing-3MLFit/hawc_analysis/Run1/Results/Step2-Source1-Extension-Gaussian_on_sphere/likelihoodResults.fits
2026-08-24 10:40:19 - Pipeline - INFO - Saving HAL output maps
2026-08-24 10:40:19 - Pipeline - INFO - SAVE A BIG MAP
2026-08-24 10:40:41 - Pipeline - INFO - Writing model map...
2026-08-24 10:40:41 - Pipeline - INFO - Fit Step2-Source1-Extension-Gaussian_on_sphere: -logL=199969.054, AIC=399948.108 (0.73 min)
2026-08-24 10:40:41 - Pipeline - INFO - Extension test Source1 -> Gaussian_on_sphere: delta_TS=171.14 (threshold 16)
2026-08-24 10:40:41 - Pipeline - INFO - delta_TS above threshold; computing per-source TS for Step2-Source1-Extension-Gaussian_on_sphere
2026-08-24 10:40:41 - Pipeline - INFO - Calculating TS for all sources in the model
2026-08-24 10:40:41 - Pipeline - INFO - Computing TS for source: Source0
2026-08-24 10:40:45 - Pipeline - INFO - TS for source Source0: 95266.54488045361
2026-08-24 10:40:45 - Pipeline - INFO - Computing TS for source: Source1
2026-08-24 10:40:46 - Pipeline - INFO - TS for source Source1: 226.66692540573422
2026-08-24 10:40:46 - Pipeline - INFO - Accepted alternate spatial model Gaussian_on_sphere for Source1
2026-08-24 10:41:00 - Pipeline - INFO - Starting extension fit
2026-08-24 10:41:00 - Pipeline - INFO - Diffuse background normalization status during spectrum test: True
2026-08-24 10:41:00 - Pipeline - INFO - Swapping Source0 spectral shape from Powerlaw to Cutoff_powerlaw
2026-08-24 10:41:00 - Pipeline - INFO - New spectrum class: dict_keys(['K', 'piv', 'index', 'xc'])
2026-08-24 10:41:00 - Pipeline - INFO - Swapped Source0 spectral shape -> Cutoff_powerlaw
2026-08-24 10:41:00 - Pipeline - INFO - SOURCE Source1 : param lon0 -> FIXED (not in param_names)
2026-08-24 10:41:00 - Pipeline - INFO - SOURCE Source1 : param lat0 -> FIXED (not in param_names)
2026-08-24 10:41:00 - Pipeline - INFO - SOURCE Source1 : param sigma -> free=True
2026-08-24 10:41:00 - Pipeline - INFO - TESTING SPECTRAL
2026-08-24 10:41:00 - Pipeline - INFO - SOURCE Source1 : param K -> free=True
2026-08-24 10:41:00 - Pipeline - INFO - SOURCE Source1 : param piv -> FIXED (not in param_names)
2026-08-24 10:41:00 - Pipeline - INFO - SOURCE Source1 : param index -> free=True
2026-08-24 10:41:00 - Pipeline - INFO - Fitting model /Users/rishi/Documents/Analysis/Sources/AstroImageDetection-fitmodel/HAWC-ImageProcessing-3MLFit/hawc_analysis/Run1/Results/Step3-Source0-Spectrum-Cutoff_powerlaw/curModel.model in /Users/rishi/Documents/Analysis/Sources/AstroImageDetection-fitmodel/HAWC-ImageProcessing-3MLFit/hawc_analysis/Run1/Results/Step3-Source0-Spectrum-Cutoff_powerlaw  with compute_err=False, compute_TS=False, make_maps=False
2026-08-24 10:41:00 - Pipeline - INFO - Map tree: /Users/rishi/Documents/Analysis/data/maptree-fhit2pct-pass5f-mlp-chunk1-1510.root
2026-08-24 10:41:00 - Pipeline - INFO - Detector response: /Users/rishi/Documents/Analysis/data/detRes-fhit2pct-pass5f-mlp-refit.root
2026-08-24 10:41:00 - Pipeline - INFO - Model file: /Users/rishi/Documents/Analysis/Sources/AstroImageDetection-fitmodel/HAWC-ImageProcessing-3MLFit/hawc_analysis/Run1/Results/Step3-Source0-Spectrum-Cutoff_powerlaw/curModel.model
2026-08-24 10:41:00 - Pipeline - INFO - No ROI template provided, computing ROI from provided ra and dec
2026-08-24 10:41:00 - Pipeline - INFO - ROI center: 83, 22
2026-08-24 10:41:00 - Pipeline - INFO - Running threeML fit pipeline with bins: ['B2C0', 'B3C0', 'B4C0', 'B5C0', 'B6C0', 'B7C0', 'B8C0', 'B9C0', 'B10C0']
2026-08-24 10:41:15 - Pipeline - INFO - Running MLE without error estimation
2026-08-24 10:41:25 - Pipeline - INFO - Fit results saved to /Users/rishi/Documents/Analysis/Sources/AstroImageDetection-fitmodel/HAWC-ImageProcessing-3MLFit/hawc_analysis/Run1/Results/Step3-Source0-Spectrum-Cutoff_powerlaw/likelihoodResults.fits
2026-08-24 10:41:25 - Pipeline - INFO - Fit Step3-Source0-Spectrum-Cutoff_powerlaw: -logL=199639.189, AIC=399290.378 (0.41 min)
2026-08-24 10:41:25 - Pipeline - INFO - Spectrum test Source0 -> Cutoff_powerlaw: delta_TS=659.73 (threshold 16)
2026-08-24 10:41:25 - Pipeline - INFO - delta_TS above threshold; computing per-source TS for Step3-Source0-Spectrum-Cutoff_powerlaw
2026-08-24 10:41:25 - Pipeline - INFO - Calculating TS for all sources in the model
2026-08-24 10:41:25 - Pipeline - INFO - Computing TS for source: Source0
2026-08-24 10:41:29 - Pipeline - INFO - TS for source Source0: 95926.27466099878
2026-08-24 10:41:29 - Pipeline - INFO - Computing TS for source: Source1
2026-08-24 10:41:30 - Pipeline - INFO - TS for source Source1: 229.72775282373186
2026-08-24 10:41:30 - Pipeline - INFO - Accepted alternate spectral model Cutoff_powerlaw for Source0
2026-08-24 10:42:24 - Pipeline - INFO - Starting extension fit
2026-08-24 10:42:24 - Pipeline - INFO - SOURCE Source0 : param ra -> free=True
2026-08-24 10:42:24 - Pipeline - INFO - SOURCE Source0 : param dec -> free=True
2026-08-24 10:42:24 - Pipeline - INFO - SOURCE Source1 : param ra -> free=True
2026-08-24 10:42:24 - Pipeline - INFO - SOURCE Source1 : param dec -> free=True
2026-08-24 10:42:24 - Pipeline - INFO - TESTING SPECTRAL
2026-08-24 10:42:24 - Pipeline - INFO - SOURCE Source0 : param K -> free=True
2026-08-24 10:42:24 - Pipeline - INFO - SOURCE Source0 : param piv -> free=True
2026-08-24 10:42:24 - Pipeline - INFO - SOURCE Source0 : param index -> free=True
2026-08-24 10:42:24 - Pipeline - INFO - TESTING SPECTRAL
2026-08-24 10:42:24 - Pipeline - INFO - SOURCE Source1 : param K -> free=True
2026-08-24 10:42:24 - Pipeline - INFO - SOURCE Source1 : param piv -> free=True
2026-08-24 10:42:24 - Pipeline - INFO - SOURCE Source1 : param index -> free=True
2026-08-24 10:42:24 - Pipeline - INFO - Skipping background source 'HAWC_bkg_renorm (Parameter)'
2026-08-24 10:42:24 - Pipeline - INFO - Running final joint refit with all parameters free
2026-08-24 10:42:24 - Pipeline - INFO - Fitting model /Users/rishi/Documents/Analysis/Sources/AstroImageDetection-fitmodel/HAWC-ImageProcessing-3MLFit/hawc_analysis/Run1/Results/Step4-FinalRefit/curModel.model in /Users/rishi/Documents/Analysis/Sources/AstroImageDetection-fitmodel/HAWC-ImageProcessing-3MLFit/hawc_analysis/Run1/Results/Step4-FinalRefit  with compute_err=False, compute_TS=True, make_maps=True
2026-08-24 10:42:24 - Pipeline - INFO - Map tree: /Users/rishi/Documents/Analysis/data/maptree-fhit2pct-pass5f-mlp-chunk1-1510.root
2026-08-24 10:42:24 - Pipeline - INFO - Detector response: /Users/rishi/Documents/Analysis/data/detRes-fhit2pct-pass5f-mlp-refit.root
2026-08-24 10:42:24 - Pipeline - INFO - Model file: /Users/rishi/Documents/Analysis/Sources/AstroImageDetection-fitmodel/HAWC-ImageProcessing-3MLFit/hawc_analysis/Run1/Results/Step4-FinalRefit/curModel.model
2026-08-24 10:42:24 - Pipeline - INFO - No ROI template provided, computing ROI from provided ra and dec
2026-08-24 10:42:24 - Pipeline - INFO - ROI center: 83, 22
2026-08-24 10:42:24 - Pipeline - INFO - Running threeML fit pipeline with bins: ['B2C0', 'B3C0', 'B4C0', 'B5C0', 'B6C0', 'B7C0', 'B8C0', 'B9C0', 'B10C0']
2026-08-24 10:42:37 - Pipeline - INFO - Running MLE without error estimation
2026-08-24 10:44:07 - Pipeline - INFO - Sources in the model: ['Source0', 'Source1']
2026-08-24 10:44:07 - Pipeline - INFO - Baseline log-likelihood: 200054.62190030178
2026-08-24 10:44:07 - Pipeline - INFO - Alternate spatial models: ['Gaussian_on_sphere']
2026-08-24 10:44:07 - Pipeline - INFO - Alternate spectral models: ['Cutoff_powerlaw', 'Log_parabola']
2026-08-24 10:44:13 - Pipeline - INFO - Starting extension fit
2026-08-24 10:44:13 - Pipeline - INFO - Diffuse background normalization status during spectrum test: True
2026-08-24 10:44:13 - Pipeline - INFO - Swapping Source0 spectral shape from Powerlaw to Cutoff_powerlaw
2026-08-24 10:44:13 - Pipeline - INFO - New spectrum class: dict_keys(['K', 'piv', 'index', 'xc'])
2026-08-24 10:44:14 - Pipeline - INFO - Swapped Source0 spectral shape -> Cutoff_powerlaw
2026-08-24 10:44:14 - Pipeline - INFO - SOURCE Source1 : param lon0 -> FIXED (not in param_names)
2026-08-24 10:44:14 - Pipeline - INFO - SOURCE Source1 : param lat0 -> FIXED (not in param_names)
2026-08-24 10:44:14 - Pipeline - INFO - SOURCE Source1 : param sigma -> free=True
2026-08-24 10:44:14 - Pipeline - INFO - TESTING SPECTRAL
2026-08-24 10:44:14 - Pipeline - INFO - SOURCE Source1 : param K -> free=True
2026-08-24 10:44:14 - Pipeline - INFO - SOURCE Source1 : param piv -> FIXED (not in param_names)
2026-08-24 10:44:14 - Pipeline - INFO - SOURCE Source1 : param index -> free=True
2026-08-24 10:44:14 - Pipeline - INFO - Fitting model /Users/rishi/Documents/Analysis/Sources/AstroImageDetection-fitmodel/HAWC-ImageProcessing-3MLFit/hawc_analysis/Run1/Results/Step3-Source0-Spectrum-Cutoff_powerlaw/curModel.model in /Users/rishi/Documents/Analysis/Sources/AstroImageDetection-fitmodel/HAWC-ImageProcessing-3MLFit/hawc_analysis/Run1/Results/Step3-Source0-Spectrum-Cutoff_powerlaw  with compute_err=False, compute_TS=False, make_maps=False
2026-08-24 10:44:14 - Pipeline - INFO - Map tree: /Users/rishi/Documents/Analysis/data/maptree-fhit2pct-pass5f-mlp-chunk1-1510.root
2026-08-24 10:44:14 - Pipeline - INFO - Detector response: /Users/rishi/Documents/Analysis/data/detRes-fhit2pct-pass5f-mlp-refit.root
2026-08-24 10:44:14 - Pipeline - INFO - Model file: /Users/rishi/Documents/Analysis/Sources/AstroImageDetection-fitmodel/HAWC-ImageProcessing-3MLFit/hawc_analysis/Run1/Results/Step3-Source0-Spectrum-Cutoff_powerlaw/curModel.model
2026-08-24 10:44:14 - Pipeline - INFO - No ROI template provided, computing ROI from provided ra and dec
2026-08-24 10:44:14 - Pipeline - INFO - ROI center: 83, 22
2026-08-24 10:44:14 - Pipeline - INFO - Running threeML fit pipeline with bins: ['B2C0', 'B3C0', 'B4C0', 'B5C0', 'B6C0', 'B7C0', 'B8C0', 'B9C0', 'B10C0']
2026-08-24 10:44:29 - Pipeline - INFO - Running MLE without error estimation
2026-08-24 10:44:38 - Pipeline - INFO - Fit results saved to /Users/rishi/Documents/Analysis/Sources/AstroImageDetection-fitmodel/HAWC-ImageProcessing-3MLFit/hawc_analysis/Run1/Results/Step3-Source0-Spectrum-Cutoff_powerlaw/likelihoodResults.fits
2026-08-24 10:44:38 - Pipeline - INFO - Fit Step3-Source0-Spectrum-Cutoff_powerlaw: -logL=199639.189, AIC=399290.378 (0.40 min)
2026-08-24 10:44:38 - Pipeline - INFO - Spectrum test Source0 -> Cutoff_powerlaw: delta_TS=659.73 (threshold 16)
2026-08-24 10:44:38 - Pipeline - INFO - delta_TS above threshold; computing per-source TS for Step3-Source0-Spectrum-Cutoff_powerlaw
2026-08-24 10:44:38 - Pipeline - INFO - Calculating TS for all sources in the model
2026-08-24 10:44:38 - Pipeline - INFO - Computing TS for source: Source0
2026-08-24 10:44:42 - Pipeline - INFO - TS for source Source0: 95926.27466099878
2026-08-24 10:44:42 - Pipeline - INFO - Computing TS for source: Source1
2026-08-24 10:44:43 - Pipeline - INFO - TS for source Source1: 229.72775282373186
2026-08-24 10:44:43 - Pipeline - INFO - Accepted alternate spectral model Cutoff_powerlaw for Source0
2026-08-24 10:44:43 - Pipeline - INFO - Swapping Source0 spectral shape from Powerlaw to Log_parabola
2026-08-24 10:44:43 - Pipeline - INFO - New spectrum class: dict_keys(['K', 'piv', 'alpha', 'beta'])
2026-08-24 10:44:43 - Pipeline - INFO - Swapped Source0 spectral shape -> Log_parabola
2026-08-24 10:44:43 - Pipeline - INFO - SOURCE Source1 : param lon0 -> FIXED (not in param_names)
2026-08-24 10:44:43 - Pipeline - INFO - SOURCE Source1 : param lat0 -> FIXED (not in param_names)
2026-08-24 10:44:43 - Pipeline - INFO - SOURCE Source1 : param sigma -> free=True
2026-08-24 10:44:43 - Pipeline - INFO - TESTING SPECTRAL
2026-08-24 10:44:43 - Pipeline - INFO - SOURCE Source1 : param K -> free=True
2026-08-24 10:44:43 - Pipeline - INFO - SOURCE Source1 : param piv -> FIXED (not in param_names)
2026-08-24 10:44:43 - Pipeline - INFO - SOURCE Source1 : param index -> free=True
2026-08-24 10:44:43 - Pipeline - INFO - Fitting model /Users/rishi/Documents/Analysis/Sources/AstroImageDetection-fitmodel/HAWC-ImageProcessing-3MLFit/hawc_analysis/Run1/Results/Step3-Source0-Spectrum-Log_parabola/curModel.model in /Users/rishi/Documents/Analysis/Sources/AstroImageDetection-fitmodel/HAWC-ImageProcessing-3MLFit/hawc_analysis/Run1/Results/Step3-Source0-Spectrum-Log_parabola  with compute_err=False, compute_TS=False, make_maps=False
2026-08-24 10:44:43 - Pipeline - INFO - Map tree: /Users/rishi/Documents/Analysis/data/maptree-fhit2pct-pass5f-mlp-chunk1-1510.root
2026-08-24 10:44:43 - Pipeline - INFO - Detector response: /Users/rishi/Documents/Analysis/data/detRes-fhit2pct-pass5f-mlp-refit.root
2026-08-24 10:44:43 - Pipeline - INFO - Model file: /Users/rishi/Documents/Analysis/Sources/AstroImageDetection-fitmodel/HAWC-ImageProcessing-3MLFit/hawc_analysis/Run1/Results/Step3-Source0-Spectrum-Log_parabola/curModel.model
2026-08-24 10:44:43 - Pipeline - INFO - No ROI template provided, computing ROI from provided ra and dec
2026-08-24 10:44:43 - Pipeline - INFO - ROI center: 83, 22
2026-08-24 10:44:43 - Pipeline - INFO - Running threeML fit pipeline with bins: ['B2C0', 'B3C0', 'B4C0', 'B5C0', 'B6C0', 'B7C0', 'B8C0', 'B9C0', 'B10C0']
2026-08-24 10:44:57 - Pipeline - INFO - Running MLE without error estimation
2026-08-24 10:45:03 - Pipeline - INFO - Fit results saved to /Users/rishi/Documents/Analysis/Sources/AstroImageDetection-fitmodel/HAWC-ImageProcessing-3MLFit/hawc_analysis/Run1/Results/Step3-Source0-Spectrum-Log_parabola/likelihoodResults.fits
2026-08-24 10:45:03 - Pipeline - INFO - Fit Step3-Source0-Spectrum-Log_parabola: -logL=199633.525, AIC=399279.050 (0.34 min)
2026-08-24 10:45:03 - Pipeline - INFO - Spectrum test Source0 -> Log_parabola: delta_TS=11.33 (threshold 16)
2026-08-24 10:45:03 - Pipeline - INFO - Rejected alternate spectral model Log_parabola for Source0; skipping TS computation
2026-08-24 10:45:03 - Pipeline - INFO - Swapping Source1 spectral shape from Powerlaw to Cutoff_powerlaw
2026-08-24 10:45:03 - Pipeline - INFO - New spectrum class: dict_keys(['K', 'piv', 'index', 'xc'])
2026-08-24 10:45:04 - Pipeline - INFO - Swapped Source1 spectral shape -> Cutoff_powerlaw
2026-08-24 10:45:04 - Pipeline - INFO - SOURCE Source0 : param ra -> FIXED (not in param_names)
2026-08-24 10:45:04 - Pipeline - INFO - SOURCE Source0 : param dec -> FIXED (not in param_names)
2026-08-24 10:45:04 - Pipeline - INFO - TESTING SPECTRAL
2026-08-24 10:45:04 - Pipeline - INFO - SOURCE Source0 : param K -> free=True
2026-08-24 10:45:04 - Pipeline - INFO - SOURCE Source0 : param piv -> FIXED (not in param_names)
2026-08-24 10:45:04 - Pipeline - INFO - SOURCE Source0 : param index -> free=True
2026-08-24 10:45:04 - Pipeline - INFO - SOURCE Source0 : param xc -> FIXED (not in param_names)
2026-08-24 10:45:04 - Pipeline - INFO - Fitting model /Users/rishi/Documents/Analysis/Sources/AstroImageDetection-fitmodel/HAWC-ImageProcessing-3MLFit/hawc_analysis/Run1/Results/Step3-Source1-Spectrum-Cutoff_powerlaw/curModel.model in /Users/rishi/Documents/Analysis/Sources/AstroImageDetection-fitmodel/HAWC-ImageProcessing-3MLFit/hawc_analysis/Run1/Results/Step3-Source1-Spectrum-Cutoff_powerlaw  with compute_err=False, compute_TS=False, make_maps=False
2026-08-24 10:45:04 - Pipeline - INFO - Map tree: /Users/rishi/Documents/Analysis/data/maptree-fhit2pct-pass5f-mlp-chunk1-1510.root
2026-08-24 10:45:04 - Pipeline - INFO - Detector response: /Users/rishi/Documents/Analysis/data/detRes-fhit2pct-pass5f-mlp-refit.root
2026-08-24 10:45:04 - Pipeline - INFO - Model file: /Users/rishi/Documents/Analysis/Sources/AstroImageDetection-fitmodel/HAWC-ImageProcessing-3MLFit/hawc_analysis/Run1/Results/Step3-Source1-Spectrum-Cutoff_powerlaw/curModel.model
2026-08-24 10:45:04 - Pipeline - INFO - No ROI template provided, computing ROI from provided ra and dec
2026-08-24 10:45:04 - Pipeline - INFO - ROI center: 83, 22
2026-08-24 10:45:04 - Pipeline - INFO - Running threeML fit pipeline with bins: ['B2C0', 'B3C0', 'B4C0', 'B5C0', 'B6C0', 'B7C0', 'B8C0', 'B9C0', 'B10C0']
2026-08-24 10:45:18 - Pipeline - INFO - Running MLE without error estimation
2026-08-24 10:45:46 - Pipeline - INFO - Fit results saved to /Users/rishi/Documents/Analysis/Sources/AstroImageDetection-fitmodel/HAWC-ImageProcessing-3MLFit/hawc_analysis/Run1/Results/Step3-Source1-Spectrum-Cutoff_powerlaw/likelihoodResults.fits
2026-08-24 10:45:46 - Pipeline - INFO - Fit Step3-Source1-Spectrum-Cutoff_powerlaw: -logL=199639.027, AIC=399290.054 (0.71 min)
2026-08-24 10:45:46 - Pipeline - INFO - Spectrum test Source1 -> Cutoff_powerlaw: delta_TS=0.32 (threshold 16)
2026-08-24 10:45:46 - Pipeline - INFO - Rejected alternate spectral model Cutoff_powerlaw for Source1; skipping TS computation
2026-08-24 10:45:46 - Pipeline - INFO - Swapping Source1 spectral shape from Powerlaw to Log_parabola
2026-08-24 10:45:46 - Pipeline - INFO - New spectrum class: dict_keys(['K', 'piv', 'alpha', 'beta'])
2026-08-24 10:45:47 - Pipeline - INFO - Swapped Source1 spectral shape -> Log_parabola
2026-08-24 10:45:47 - Pipeline - INFO - SOURCE Source0 : param ra -> FIXED (not in param_names)
2026-08-24 10:45:47 - Pipeline - INFO - SOURCE Source0 : param dec -> FIXED (not in param_names)
2026-08-24 10:45:47 - Pipeline - INFO - TESTING SPECTRAL
2026-08-24 10:45:47 - Pipeline - INFO - SOURCE Source0 : param K -> free=True
2026-08-24 10:45:47 - Pipeline - INFO - SOURCE Source0 : param piv -> FIXED (not in param_names)
2026-08-24 10:45:47 - Pipeline - INFO - SOURCE Source0 : param index -> free=True
2026-08-24 10:45:47 - Pipeline - INFO - SOURCE Source0 : param xc -> FIXED (not in param_names)
2026-08-24 10:45:47 - Pipeline - INFO - Fitting model /Users/rishi/Documents/Analysis/Sources/AstroImageDetection-fitmodel/HAWC-ImageProcessing-3MLFit/hawc_analysis/Run1/Results/Step3-Source1-Spectrum-Log_parabola/curModel.model in /Users/rishi/Documents/Analysis/Sources/AstroImageDetection-fitmodel/HAWC-ImageProcessing-3MLFit/hawc_analysis/Run1/Results/Step3-Source1-Spectrum-Log_parabola  with compute_err=False, compute_TS=False, make_maps=False
2026-08-24 10:45:47 - Pipeline - INFO - Map tree: /Users/rishi/Documents/Analysis/data/maptree-fhit2pct-pass5f-mlp-chunk1-1510.root
2026-08-24 10:45:47 - Pipeline - INFO - Detector response: /Users/rishi/Documents/Analysis/data/detRes-fhit2pct-pass5f-mlp-refit.root
2026-08-24 10:45:47 - Pipeline - INFO - Model file: /Users/rishi/Documents/Analysis/Sources/AstroImageDetection-fitmodel/HAWC-ImageProcessing-3MLFit/hawc_analysis/Run1/Results/Step3-Source1-Spectrum-Log_parabola/curModel.model
2026-08-24 10:45:47 - Pipeline - INFO - No ROI template provided, computing ROI from provided ra and dec
2026-08-24 10:45:47 - Pipeline - INFO - ROI center: 83, 22
2026-08-24 10:45:47 - Pipeline - INFO - Running threeML fit pipeline with bins: ['B2C0', 'B3C0', 'B4C0', 'B5C0', 'B6C0', 'B7C0', 'B8C0', 'B9C0', 'B10C0']
2026-08-24 10:46:02 - Pipeline - INFO - Running MLE without error estimation
2026-08-24 10:46:23 - Pipeline - INFO - Fit results saved to /Users/rishi/Documents/Analysis/Sources/AstroImageDetection-fitmodel/HAWC-ImageProcessing-3MLFit/hawc_analysis/Run1/Results/Step3-Source1-Spectrum-Log_parabola/likelihoodResults.fits
2026-08-24 10:46:23 - Pipeline - INFO - Fit Step3-Source1-Spectrum-Log_parabola: -logL=199639.189, AIC=399290.378 (0.60 min)
2026-08-24 10:46:23 - Pipeline - INFO - Spectrum test Source1 -> Log_parabola: delta_TS=0.00 (threshold 16)
2026-08-24 10:46:23 - Pipeline - INFO - Rejected alternate spectral model Log_parabola for Source1; skipping TS computation
2026-08-24 10:47:07 - Pipeline - INFO - Starting extension fit
2026-08-24 10:47:07 - Pipeline - INFO - SOURCE Source0 : param ra -> free=True
2026-08-24 10:47:07 - Pipeline - INFO - SOURCE Source0 : param dec -> free=True
2026-08-24 10:47:07 - Pipeline - INFO - SOURCE Source1 : param ra -> free=True
2026-08-24 10:47:07 - Pipeline - INFO - SOURCE Source1 : param dec -> free=True
2026-08-24 10:47:07 - Pipeline - INFO - TESTING SPECTRAL
2026-08-24 10:47:07 - Pipeline - INFO - SOURCE Source0 : param K -> free=True
2026-08-24 10:47:07 - Pipeline - INFO - SOURCE Source0 : param piv -> free=True
2026-08-24 10:47:07 - Pipeline - INFO - SOURCE Source0 : param index -> free=True
2026-08-24 10:47:07 - Pipeline - INFO - TESTING SPECTRAL
2026-08-24 10:47:07 - Pipeline - INFO - SOURCE Source1 : param K -> free=True
2026-08-24 10:47:07 - Pipeline - INFO - SOURCE Source1 : param piv -> free=True
2026-08-24 10:47:07 - Pipeline - INFO - SOURCE Source1 : param index -> free=True
2026-08-24 10:47:07 - Pipeline - INFO - Skipping background source 'HAWC_bkg_renorm (Parameter)'
2026-08-24 10:47:07 - Pipeline - INFO - Running final joint refit with all parameters free
2026-08-24 10:47:07 - Pipeline - INFO - Fitting model /Users/rishi/Documents/Analysis/Sources/AstroImageDetection-fitmodel/HAWC-ImageProcessing-3MLFit/hawc_analysis/Run1/Results/Step4-FinalRefit/curModel.model in /Users/rishi/Documents/Analysis/Sources/AstroImageDetection-fitmodel/HAWC-ImageProcessing-3MLFit/hawc_analysis/Run1/Results/Step4-FinalRefit  with compute_err=False, compute_TS=True, make_maps=True
2026-08-24 10:47:07 - Pipeline - INFO - Map tree: /Users/rishi/Documents/Analysis/data/maptree-fhit2pct-pass5f-mlp-chunk1-1510.root
2026-08-24 10:47:07 - Pipeline - INFO - Detector response: /Users/rishi/Documents/Analysis/data/detRes-fhit2pct-pass5f-mlp-refit.root
2026-08-24 10:47:07 - Pipeline - INFO - Model file: /Users/rishi/Documents/Analysis/Sources/AstroImageDetection-fitmodel/HAWC-ImageProcessing-3MLFit/hawc_analysis/Run1/Results/Step4-FinalRefit/curModel.model
2026-08-24 10:47:07 - Pipeline - INFO - No ROI template provided, computing ROI from provided ra and dec
2026-08-24 10:47:07 - Pipeline - INFO - ROI center: 83, 22
2026-08-24 10:47:07 - Pipeline - INFO - Running threeML fit pipeline with bins: ['B2C0', 'B3C0', 'B4C0', 'B5C0', 'B6C0', 'B7C0', 'B8C0', 'B9C0', 'B10C0']
2026-08-24 10:47:23 - Pipeline - INFO - Running MLE without error estimation
2026-08-24 10:48:27 - Pipeline - INFO - Starting extension fit
2026-08-24 10:48:27 - Pipeline - INFO - SOURCE Source0 : param ra -> free=True
2026-08-24 10:48:27 - Pipeline - INFO - SOURCE Source0 : param dec -> free=True
2026-08-24 10:48:27 - Pipeline - INFO - SOURCE Source1 : param ra -> free=True
2026-08-24 10:48:27 - Pipeline - INFO - SOURCE Source1 : param dec -> free=True
2026-08-24 10:48:27 - Pipeline - INFO - TESTING SPECTRAL
2026-08-24 10:48:27 - Pipeline - INFO - SOURCE Source0 : param K -> free=True
2026-08-24 10:48:27 - Pipeline - INFO - SOURCE Source0 : param piv -> free=True
2026-08-24 10:48:27 - Pipeline - INFO - SOURCE Source0 : param index -> free=True
2026-08-24 10:48:27 - Pipeline - INFO - TESTING SPECTRAL
2026-08-24 10:48:27 - Pipeline - INFO - SOURCE Source1 : param K -> free=True
2026-08-24 10:48:27 - Pipeline - INFO - SOURCE Source1 : param piv -> free=True
2026-08-24 10:48:27 - Pipeline - INFO - SOURCE Source1 : param index -> free=True
2026-08-24 10:48:27 - Pipeline - INFO - Skipping background source 'HAWC_bkg_renorm (Parameter)'
2026-08-24 10:48:27 - Pipeline - INFO - Running final joint refit with all parameters free
2026-08-24 10:48:27 - Pipeline - INFO - Fitting model /Users/rishi/Documents/Analysis/Sources/AstroImageDetection-fitmodel/HAWC-ImageProcessing-3MLFit/hawc_analysis/Run1/Results/Step4-FinalRefit/curModel.model in /Users/rishi/Documents/Analysis/Sources/AstroImageDetection-fitmodel/HAWC-ImageProcessing-3MLFit/hawc_analysis/Run1/Results/Step4-FinalRefit  with compute_err=False, compute_TS=True, make_maps=True
2026-08-24 10:48:27 - Pipeline - INFO - Map tree: /Users/rishi/Documents/Analysis/data/maptree-fhit2pct-pass5f-mlp-chunk1-1510.root
2026-08-24 10:48:27 - Pipeline - INFO - Detector response: /Users/rishi/Documents/Analysis/data/detRes-fhit2pct-pass5f-mlp-refit.root
2026-08-24 10:48:27 - Pipeline - INFO - Model file: /Users/rishi/Documents/Analysis/Sources/AstroImageDetection-fitmodel/HAWC-ImageProcessing-3MLFit/hawc_analysis/Run1/Results/Step4-FinalRefit/curModel.model
2026-08-24 10:48:27 - Pipeline - INFO - No ROI template provided, computing ROI from provided ra and dec
2026-08-24 10:48:27 - Pipeline - INFO - ROI center: 83, 22
2026-08-24 10:48:27 - Pipeline - INFO - Running threeML fit pipeline with bins: ['B2C0', 'B3C0', 'B4C0', 'B5C0', 'B6C0', 'B7C0', 'B8C0', 'B9C0', 'B10C0']
2026-08-24 10:48:40 - Pipeline - INFO - Running MLE without error estimation
2026-08-24 10:49:50 - Pipeline - INFO - Starting extension fit
2026-08-24 10:49:50 - Pipeline - INFO - Diffuse background normalization status during spectrum test: True
2026-08-24 10:49:50 - Pipeline - INFO - Swapping Source0 spectral shape from Cutoff_powerlaw to Cutoff_powerlaw
2026-08-24 10:49:50 - Pipeline - INFO - New spectrum class: dict_keys(['K', 'piv', 'index', 'xc'])
2026-08-24 10:49:50 - Pipeline - INFO - Swapped Source0 spectral shape -> Cutoff_powerlaw
2026-08-24 10:49:50 - Pipeline - INFO - SOURCE Source1 : param lon0 -> FIXED (not in param_names)
2026-08-24 10:49:50 - Pipeline - INFO - SOURCE Source1 : param lat0 -> FIXED (not in param_names)
2026-08-24 10:49:50 - Pipeline - INFO - SOURCE Source1 : param sigma -> free=True
2026-08-24 10:49:50 - Pipeline - INFO - TESTING SPECTRAL
2026-08-24 10:49:50 - Pipeline - INFO - SOURCE Source1 : param K -> free=True
2026-08-24 10:49:50 - Pipeline - INFO - SOURCE Source1 : param piv -> FIXED (not in param_names)
2026-08-24 10:49:50 - Pipeline - INFO - SOURCE Source1 : param index -> free=True
2026-08-24 10:49:50 - Pipeline - INFO - Fitting model /Users/rishi/Documents/Analysis/Sources/AstroImageDetection-fitmodel/HAWC-ImageProcessing-3MLFit/hawc_analysis/Run1/Results/Step3-Source0-Spectrum-Cutoff_powerlaw/curModel.model in /Users/rishi/Documents/Analysis/Sources/AstroImageDetection-fitmodel/HAWC-ImageProcessing-3MLFit/hawc_analysis/Run1/Results/Step3-Source0-Spectrum-Cutoff_powerlaw  with compute_err=False, compute_TS=False, make_maps=False
2026-08-24 10:49:50 - Pipeline - INFO - Map tree: /Users/rishi/Documents/Analysis/data/maptree-fhit2pct-pass5f-mlp-chunk1-1510.root
2026-08-24 10:49:50 - Pipeline - INFO - Detector response: /Users/rishi/Documents/Analysis/data/detRes-fhit2pct-pass5f-mlp-refit.root
2026-08-24 10:49:50 - Pipeline - INFO - Model file: /Users/rishi/Documents/Analysis/Sources/AstroImageDetection-fitmodel/HAWC-ImageProcessing-3MLFit/hawc_analysis/Run1/Results/Step3-Source0-Spectrum-Cutoff_powerlaw/curModel.model
2026-08-24 10:49:50 - Pipeline - INFO - No ROI template provided, computing ROI from provided ra and dec
2026-08-24 10:49:50 - Pipeline - INFO - ROI center: 83, 22
2026-08-24 10:49:50 - Pipeline - INFO - Running threeML fit pipeline with bins: ['B2C0', 'B3C0', 'B4C0', 'B5C0', 'B6C0', 'B7C0', 'B8C0', 'B9C0', 'B10C0']
2026-08-24 10:50:05 - Pipeline - INFO - Running MLE without error estimation
2026-08-24 10:50:15 - Pipeline - INFO - Fit results saved to /Users/rishi/Documents/Analysis/Sources/AstroImageDetection-fitmodel/HAWC-ImageProcessing-3MLFit/hawc_analysis/Run1/Results/Step3-Source0-Spectrum-Cutoff_powerlaw/likelihoodResults.fits
2026-08-24 10:50:15 - Pipeline - INFO - Fit Step3-Source0-Spectrum-Cutoff_powerlaw: -logL=199639.190, AIC=399290.379 (0.40 min)
2026-08-24 10:50:15 - Pipeline - INFO - Spectrum test Source0 -> Cutoff_powerlaw: delta_TS=-0.00 (threshold 16)
2026-08-24 10:50:15 - Pipeline - INFO - Rejected alternate spectral model Cutoff_powerlaw for Source0; skipping TS computation
2026-08-24 10:50:15 - Pipeline - INFO - Swapping Source0 spectral shape from Cutoff_powerlaw to Log_parabola
2026-08-24 10:50:15 - Pipeline - INFO - New spectrum class: dict_keys(['K', 'piv', 'alpha', 'beta'])
2026-08-24 10:50:15 - Pipeline - INFO - Swapped Source0 spectral shape -> Log_parabola
2026-08-24 10:50:15 - Pipeline - INFO - SOURCE Source1 : param lon0 -> FIXED (not in param_names)
2026-08-24 10:50:15 - Pipeline - INFO - SOURCE Source1 : param lat0 -> FIXED (not in param_names)
2026-08-24 10:50:15 - Pipeline - INFO - SOURCE Source1 : param sigma -> free=True
2026-08-24 10:50:15 - Pipeline - INFO - TESTING SPECTRAL
2026-08-24 10:50:15 - Pipeline - INFO - SOURCE Source1 : param K -> free=True
2026-08-24 10:50:15 - Pipeline - INFO - SOURCE Source1 : param piv -> FIXED (not in param_names)
2026-08-24 10:50:15 - Pipeline - INFO - SOURCE Source1 : param index -> free=True
2026-08-24 10:50:15 - Pipeline - INFO - Fitting model /Users/rishi/Documents/Analysis/Sources/AstroImageDetection-fitmodel/HAWC-ImageProcessing-3MLFit/hawc_analysis/Run1/Results/Step3-Source0-Spectrum-Log_parabola/curModel.model in /Users/rishi/Documents/Analysis/Sources/AstroImageDetection-fitmodel/HAWC-ImageProcessing-3MLFit/hawc_analysis/Run1/Results/Step3-Source0-Spectrum-Log_parabola  with compute_err=False, compute_TS=False, make_maps=False
2026-08-24 10:50:15 - Pipeline - INFO - Map tree: /Users/rishi/Documents/Analysis/data/maptree-fhit2pct-pass5f-mlp-chunk1-1510.root
2026-08-24 10:50:15 - Pipeline - INFO - Detector response: /Users/rishi/Documents/Analysis/data/detRes-fhit2pct-pass5f-mlp-refit.root
2026-08-24 10:50:15 - Pipeline - INFO - Model file: /Users/rishi/Documents/Analysis/Sources/AstroImageDetection-fitmodel/HAWC-ImageProcessing-3MLFit/hawc_analysis/Run1/Results/Step3-Source0-Spectrum-Log_parabola/curModel.model
2026-08-24 10:50:15 - Pipeline - INFO - No ROI template provided, computing ROI from provided ra and dec
2026-08-24 10:50:15 - Pipeline - INFO - ROI center: 83, 22
2026-08-24 10:50:15 - Pipeline - INFO - Running threeML fit pipeline with bins: ['B2C0', 'B3C0', 'B4C0', 'B5C0', 'B6C0', 'B7C0', 'B8C0', 'B9C0', 'B10C0']
2026-08-24 10:50:31 - Pipeline - INFO - Running MLE without error estimation
2026-08-24 10:50:37 - Pipeline - INFO - Fit results saved to /Users/rishi/Documents/Analysis/Sources/AstroImageDetection-fitmodel/HAWC-ImageProcessing-3MLFit/hawc_analysis/Run1/Results/Step3-Source0-Spectrum-Log_parabola/likelihoodResults.fits
2026-08-24 10:50:37 - Pipeline - INFO - Fit Step3-Source0-Spectrum-Log_parabola: -logL=199633.524, AIC=399279.049 (0.37 min)
2026-08-24 10:50:37 - Pipeline - INFO - Spectrum test Source0 -> Log_parabola: delta_TS=11.33 (threshold 16)
2026-08-24 10:50:37 - Pipeline - INFO - Rejected alternate spectral model Log_parabola for Source0; skipping TS computation
2026-08-24 10:50:37 - Pipeline - INFO - Swapping Source1 spectral shape from Powerlaw to Cutoff_powerlaw
2026-08-24 10:50:37 - Pipeline - INFO - New spectrum class: dict_keys(['K', 'piv', 'index', 'xc'])
2026-08-24 10:50:37 - Pipeline - INFO - Swapped Source1 spectral shape -> Cutoff_powerlaw
2026-08-24 10:50:37 - Pipeline - INFO - SOURCE Source0 : param ra -> FIXED (not in param_names)
2026-08-24 10:50:37 - Pipeline - INFO - SOURCE Source0 : param dec -> FIXED (not in param_names)
2026-08-24 10:50:37 - Pipeline - INFO - TESTING SPECTRAL
2026-08-24 10:50:37 - Pipeline - INFO - SOURCE Source0 : param K -> free=True
2026-08-24 10:50:37 - Pipeline - INFO - SOURCE Source0 : param piv -> FIXED (not in param_names)
2026-08-24 10:50:37 - Pipeline - INFO - SOURCE Source0 : param index -> free=True
2026-08-24 10:50:37 - Pipeline - INFO - SOURCE Source0 : param xc -> free=True
2026-08-24 10:50:37 - Pipeline - INFO - Fitting model /Users/rishi/Documents/Analysis/Sources/AstroImageDetection-fitmodel/HAWC-ImageProcessing-3MLFit/hawc_analysis/Run1/Results/Step3-Source1-Spectrum-Cutoff_powerlaw/curModel.model in /Users/rishi/Documents/Analysis/Sources/AstroImageDetection-fitmodel/HAWC-ImageProcessing-3MLFit/hawc_analysis/Run1/Results/Step3-Source1-Spectrum-Cutoff_powerlaw  with compute_err=False, compute_TS=False, make_maps=False
2026-08-24 10:50:37 - Pipeline - INFO - Map tree: /Users/rishi/Documents/Analysis/data/maptree-fhit2pct-pass5f-mlp-chunk1-1510.root
2026-08-24 10:50:37 - Pipeline - INFO - Detector response: /Users/rishi/Documents/Analysis/data/detRes-fhit2pct-pass5f-mlp-refit.root
2026-08-24 10:50:37 - Pipeline - INFO - Model file: /Users/rishi/Documents/Analysis/Sources/AstroImageDetection-fitmodel/HAWC-ImageProcessing-3MLFit/hawc_analysis/Run1/Results/Step3-Source1-Spectrum-Cutoff_powerlaw/curModel.model
2026-08-24 10:50:37 - Pipeline - INFO - No ROI template provided, computing ROI from provided ra and dec
2026-08-24 10:50:37 - Pipeline - INFO - ROI center: 83, 22
2026-08-24 10:50:37 - Pipeline - INFO - Running threeML fit pipeline with bins: ['B2C0', 'B3C0', 'B4C0', 'B5C0', 'B6C0', 'B7C0', 'B8C0', 'B9C0', 'B10C0']
2026-08-24 10:50:51 - Pipeline - INFO - Running MLE without error estimation
2026-08-24 10:51:18 - Pipeline - INFO - Fit results saved to /Users/rishi/Documents/Analysis/Sources/AstroImageDetection-fitmodel/HAWC-ImageProcessing-3MLFit/hawc_analysis/Run1/Results/Step3-Source1-Spectrum-Cutoff_powerlaw/likelihoodResults.fits
2026-08-24 10:51:18 - Pipeline - INFO - Fit Step3-Source1-Spectrum-Cutoff_powerlaw: -logL=199639.027, AIC=399292.055 (0.69 min)
2026-08-24 10:51:18 - Pipeline - INFO - Spectrum test Source1 -> Cutoff_powerlaw: delta_TS=0.32 (threshold 16)
2026-08-24 10:51:18 - Pipeline - INFO - Rejected alternate spectral model Cutoff_powerlaw for Source1; skipping TS computation
2026-08-24 10:51:18 - Pipeline - INFO - Swapping Source1 spectral shape from Powerlaw to Log_parabola
2026-08-24 10:51:18 - Pipeline - INFO - New spectrum class: dict_keys(['K', 'piv', 'alpha', 'beta'])
2026-08-24 10:51:18 - Pipeline - INFO - Swapped Source1 spectral shape -> Log_parabola
2026-08-24 10:51:18 - Pipeline - INFO - SOURCE Source0 : param ra -> FIXED (not in param_names)
2026-08-24 10:51:18 - Pipeline - INFO - SOURCE Source0 : param dec -> FIXED (not in param_names)
2026-08-24 10:51:18 - Pipeline - INFO - TESTING SPECTRAL
2026-08-24 10:51:18 - Pipeline - INFO - SOURCE Source0 : param K -> free=True
2026-08-24 10:51:18 - Pipeline - INFO - SOURCE Source0 : param piv -> FIXED (not in param_names)
2026-08-24 10:51:18 - Pipeline - INFO - SOURCE Source0 : param index -> free=True
2026-08-24 10:51:18 - Pipeline - INFO - SOURCE Source0 : param xc -> free=True
2026-08-24 10:51:18 - Pipeline - INFO - Fitting model /Users/rishi/Documents/Analysis/Sources/AstroImageDetection-fitmodel/HAWC-ImageProcessing-3MLFit/hawc_analysis/Run1/Results/Step3-Source1-Spectrum-Log_parabola/curModel.model in /Users/rishi/Documents/Analysis/Sources/AstroImageDetection-fitmodel/HAWC-ImageProcessing-3MLFit/hawc_analysis/Run1/Results/Step3-Source1-Spectrum-Log_parabola  with compute_err=False, compute_TS=False, make_maps=False
2026-08-24 10:51:18 - Pipeline - INFO - Map tree: /Users/rishi/Documents/Analysis/data/maptree-fhit2pct-pass5f-mlp-chunk1-1510.root
2026-08-24 10:51:18 - Pipeline - INFO - Detector response: /Users/rishi/Documents/Analysis/data/detRes-fhit2pct-pass5f-mlp-refit.root
2026-08-24 10:51:18 - Pipeline - INFO - Model file: /Users/rishi/Documents/Analysis/Sources/AstroImageDetection-fitmodel/HAWC-ImageProcessing-3MLFit/hawc_analysis/Run1/Results/Step3-Source1-Spectrum-Log_parabola/curModel.model
2026-08-24 10:51:18 - Pipeline - INFO - No ROI template provided, computing ROI from provided ra and dec
2026-08-24 10:51:18 - Pipeline - INFO - ROI center: 83, 22
2026-08-24 10:51:18 - Pipeline - INFO - Running threeML fit pipeline with bins: ['B2C0', 'B3C0', 'B4C0', 'B5C0', 'B6C0', 'B7C0', 'B8C0', 'B9C0', 'B10C0']
2026-08-24 10:51:31 - Pipeline - INFO - Running MLE without error estimation
2026-08-24 10:51:57 - Pipeline - INFO - Fit results saved to /Users/rishi/Documents/Analysis/Sources/AstroImageDetection-fitmodel/HAWC-ImageProcessing-3MLFit/hawc_analysis/Run1/Results/Step3-Source1-Spectrum-Log_parabola/likelihoodResults.fits
2026-08-24 10:51:57 - Pipeline - INFO - Fit Step3-Source1-Spectrum-Log_parabola: -logL=199639.189, AIC=399292.379 (0.64 min)
2026-08-24 10:51:57 - Pipeline - INFO - Spectrum test Source1 -> Log_parabola: delta_TS=-0.00 (threshold 16)
2026-08-24 10:51:57 - Pipeline - INFO - Rejected alternate spectral model Log_parabola for Source1; skipping TS computation
2026-08-24 10:54:25 - Pipeline - INFO - Starting extension fit
2026-08-24 10:54:25 - Pipeline - INFO - SOURCE Source0 : param ra -> free=True
2026-08-24 10:54:25 - Pipeline - INFO - SOURCE Source0 : param dec -> free=True
2026-08-24 10:54:25 - Pipeline - INFO - SOURCE Source1 : param ra -> free=True
2026-08-24 10:54:25 - Pipeline - INFO - SOURCE Source1 : param dec -> free=True
2026-08-24 10:54:25 - Pipeline - INFO - TESTING SPECTRAL
2026-08-24 10:54:25 - Pipeline - INFO - SOURCE Source0 : param K -> free=True
2026-08-24 10:54:25 - Pipeline - INFO - SOURCE Source0 : param piv -> free=True
2026-08-24 10:54:25 - Pipeline - INFO - SOURCE Source0 : param index -> free=True
2026-08-24 10:54:25 - Pipeline - INFO - TESTING SPECTRAL
2026-08-24 10:54:25 - Pipeline - INFO - SOURCE Source1 : param K -> free=True
2026-08-24 10:54:25 - Pipeline - INFO - SOURCE Source1 : param piv -> free=True
2026-08-24 10:54:25 - Pipeline - INFO - SOURCE Source1 : param index -> free=True
2026-08-24 10:54:25 - Pipeline - INFO - Skipping background source 'HAWC_bkg_renorm (Parameter)'
2026-08-24 10:54:25 - Pipeline - INFO - Running final joint refit with all parameters free
2026-08-24 10:54:25 - Pipeline - INFO - Fitting model /Users/rishi/Documents/Analysis/Sources/AstroImageDetection-fitmodel/HAWC-ImageProcessing-3MLFit/hawc_analysis/Run1/Results/Step4-FinalRefit/curModel.model in /Users/rishi/Documents/Analysis/Sources/AstroImageDetection-fitmodel/HAWC-ImageProcessing-3MLFit/hawc_analysis/Run1/Results/Step4-FinalRefit  with compute_err=False, compute_TS=True, make_maps=True
2026-08-24 10:54:25 - Pipeline - INFO - Map tree: /Users/rishi/Documents/Analysis/data/maptree-fhit2pct-pass5f-mlp-chunk1-1510.root
2026-08-24 10:54:25 - Pipeline - INFO - Detector response: /Users/rishi/Documents/Analysis/data/detRes-fhit2pct-pass5f-mlp-refit.root
2026-08-24 10:54:25 - Pipeline - INFO - Model file: /Users/rishi/Documents/Analysis/Sources/AstroImageDetection-fitmodel/HAWC-ImageProcessing-3MLFit/hawc_analysis/Run1/Results/Step4-FinalRefit/curModel.model
2026-08-24 10:54:25 - Pipeline - INFO - No ROI template provided, computing ROI from provided ra and dec
2026-08-24 10:54:25 - Pipeline - INFO - ROI center: 83, 22
2026-08-24 10:54:25 - Pipeline - INFO - Running threeML fit pipeline with bins: ['B2C0', 'B3C0', 'B4C0', 'B5C0', 'B6C0', 'B7C0', 'B8C0', 'B9C0', 'B10C0']
2026-08-24 10:54:41 - Pipeline - INFO - Running MLE without error estimation
2026-08-24 10:57:31 - Pipeline - INFO - Starting extension fit
2026-08-24 10:57:31 - Pipeline - INFO - SOURCE Source0 : param ra -> free=True
2026-08-24 10:57:31 - Pipeline - INFO - SOURCE Source0 : param dec -> free=True
2026-08-24 10:57:31 - Pipeline - INFO - SOURCE Source1 : param ra -> free=True
2026-08-24 10:57:31 - Pipeline - INFO - SOURCE Source1 : param dec -> free=True
2026-08-24 10:57:31 - Pipeline - INFO - TESTING SPECTRAL
2026-08-24 10:57:31 - Pipeline - INFO - SOURCE Source0 : param K -> free=True
2026-08-24 10:57:31 - Pipeline - INFO - SOURCE Source0 : param piv -> free=True
2026-08-24 10:57:31 - Pipeline - INFO - SOURCE Source0 : param index -> free=True
2026-08-24 10:57:31 - Pipeline - INFO - TESTING SPECTRAL
2026-08-24 10:57:31 - Pipeline - INFO - SOURCE Source1 : param K -> free=True
2026-08-24 10:57:31 - Pipeline - INFO - SOURCE Source1 : param piv -> free=True
2026-08-24 10:57:31 - Pipeline - INFO - SOURCE Source1 : param index -> free=True
2026-08-24 10:57:31 - Pipeline - INFO - Skipping background source 'HAWC_bkg_renorm (Parameter)'
2026-08-24 10:57:31 - Pipeline - INFO - Running final joint refit with all parameters free
2026-08-24 10:57:31 - Pipeline - INFO - Fitting model /Users/rishi/Documents/Analysis/Sources/AstroImageDetection-fitmodel/HAWC-ImageProcessing-3MLFit/hawc_analysis/Run1/Results/Step4-FinalRefit/curModel.model in /Users/rishi/Documents/Analysis/Sources/AstroImageDetection-fitmodel/HAWC-ImageProcessing-3MLFit/hawc_analysis/Run1/Results/Step4-FinalRefit  with compute_err=False, compute_TS=True, make_maps=True
2026-08-24 10:57:31 - Pipeline - INFO - Map tree: /Users/rishi/Documents/Analysis/data/maptree-fhit2pct-pass5f-mlp-chunk1-1510.root
2026-08-24 10:57:31 - Pipeline - INFO - Detector response: /Users/rishi/Documents/Analysis/data/detRes-fhit2pct-pass5f-mlp-refit.root
2026-08-24 10:57:31 - Pipeline - INFO - Model file: /Users/rishi/Documents/Analysis/Sources/AstroImageDetection-fitmodel/HAWC-ImageProcessing-3MLFit/hawc_analysis/Run1/Results/Step4-FinalRefit/curModel.model
2026-08-24 10:57:31 - Pipeline - INFO - No ROI template provided, computing ROI from provided ra and dec
2026-08-24 10:57:31 - Pipeline - INFO - ROI center: 83, 22
2026-08-24 10:57:31 - Pipeline - INFO - Running threeML fit pipeline with bins: ['B2C0', 'B3C0', 'B4C0', 'B5C0', 'B6C0', 'B7C0', 'B8C0', 'B9C0', 'B10C0']
2026-08-24 10:59:25 - Pipeline - INFO - Starting extension fit
2026-08-24 10:59:25 - Pipeline - INFO - SOURCE Source0 : param ra -> free=True
2026-08-24 10:59:25 - Pipeline - INFO - SOURCE Source0 : param dec -> free=True
2026-08-24 10:59:25 - Pipeline - INFO - SOURCE Source1 : param ra -> free=True
2026-08-24 10:59:25 - Pipeline - INFO - SOURCE Source1 : param dec -> free=True
2026-08-24 10:59:25 - Pipeline - INFO - TESTING SPECTRAL
2026-08-24 10:59:25 - Pipeline - INFO - SOURCE Source0 : param K -> free=True
2026-08-24 10:59:25 - Pipeline - INFO - SOURCE Source0 : param piv -> FIXED (not in param_names)
2026-08-24 10:59:25 - Pipeline - INFO - SOURCE Source0 : param index -> free=True
2026-08-24 10:59:25 - Pipeline - INFO - TESTING SPECTRAL
2026-08-24 10:59:25 - Pipeline - INFO - SOURCE Source1 : param K -> free=True
2026-08-24 10:59:25 - Pipeline - INFO - SOURCE Source1 : param piv -> FIXED (not in param_names)
2026-08-24 10:59:25 - Pipeline - INFO - SOURCE Source1 : param index -> free=True
2026-08-24 10:59:25 - Pipeline - INFO - Skipping background source 'HAWC_bkg_renorm (Parameter)'
2026-08-24 10:59:25 - Pipeline - INFO - Running final joint refit with all parameters free
2026-08-24 10:59:25 - Pipeline - INFO - Fitting model /Users/rishi/Documents/Analysis/Sources/AstroImageDetection-fitmodel/HAWC-ImageProcessing-3MLFit/hawc_analysis/Run1/Results/Step4-FinalRefit/curModel.model in /Users/rishi/Documents/Analysis/Sources/AstroImageDetection-fitmodel/HAWC-ImageProcessing-3MLFit/hawc_analysis/Run1/Results/Step4-FinalRefit  with compute_err=False, compute_TS=True, make_maps=True
2026-08-24 10:59:25 - Pipeline - INFO - Map tree: /Users/rishi/Documents/Analysis/data/maptree-fhit2pct-pass5f-mlp-chunk1-1510.root
2026-08-24 10:59:25 - Pipeline - INFO - Detector response: /Users/rishi/Documents/Analysis/data/detRes-fhit2pct-pass5f-mlp-refit.root
2026-08-24 10:59:25 - Pipeline - INFO - Model file: /Users/rishi/Documents/Analysis/Sources/AstroImageDetection-fitmodel/HAWC-ImageProcessing-3MLFit/hawc_analysis/Run1/Results/Step4-FinalRefit/curModel.model
2026-08-24 10:59:25 - Pipeline - INFO - No ROI template provided, computing ROI from provided ra and dec
2026-08-24 10:59:25 - Pipeline - INFO - ROI center: 83, 22
2026-08-24 10:59:25 - Pipeline - INFO - Running threeML fit pipeline with bins: ['B2C0', 'B3C0', 'B4C0', 'B5C0', 'B6C0', 'B7C0', 'B8C0', 'B9C0', 'B10C0']
2026-08-24 10:59:38 - Pipeline - INFO - Running MLE without error estimation
2026-08-24 11:00:27 - Pipeline - INFO - Starting extension fit
2026-08-24 11:00:27 - Pipeline - INFO - SOURCE Source0 : param ra -> free=True
2026-08-24 11:00:27 - Pipeline - INFO - SOURCE Source0 : param dec -> free=True
2026-08-24 11:00:27 - Pipeline - INFO - SOURCE Source1 : param ra -> free=True
2026-08-24 11:00:27 - Pipeline - INFO - SOURCE Source1 : param dec -> free=True
2026-08-24 11:00:27 - Pipeline - INFO - TESTING SPECTRAL
2026-08-24 11:00:27 - Pipeline - INFO - SOURCE Source0 : param K -> free=True
2026-08-24 11:00:27 - Pipeline - INFO - SOURCE Source0 : param piv -> FIXED (not in param_names)
2026-08-24 11:00:27 - Pipeline - INFO - SOURCE Source0 : param index -> free=True
2026-08-24 11:00:27 - Pipeline - INFO - TESTING SPECTRAL
2026-08-24 11:00:27 - Pipeline - INFO - SOURCE Source1 : param K -> free=True
2026-08-24 11:00:27 - Pipeline - INFO - SOURCE Source1 : param piv -> FIXED (not in param_names)
2026-08-24 11:00:27 - Pipeline - INFO - SOURCE Source1 : param index -> free=True
2026-08-24 11:00:27 - Pipeline - INFO - Skipping background source 'HAWC_bkg_renorm (Parameter)'
2026-08-24 11:00:27 - Pipeline - INFO - Running final joint refit with all parameters free
2026-08-24 11:00:27 - Pipeline - INFO - Fitting model /Users/rishi/Documents/Analysis/Sources/AstroImageDetection-fitmodel/HAWC-ImageProcessing-3MLFit/hawc_analysis/Run1/Results/Step4-FinalRefit/curModel.model in /Users/rishi/Documents/Analysis/Sources/AstroImageDetection-fitmodel/HAWC-ImageProcessing-3MLFit/hawc_analysis/Run1/Results/Step4-FinalRefit  with compute_err=False, compute_TS=True, make_maps=True
2026-08-24 11:00:27 - Pipeline - INFO - Map tree: /Users/rishi/Documents/Analysis/data/maptree-fhit2pct-pass5f-mlp-chunk1-1510.root
2026-08-24 11:00:27 - Pipeline - INFO - Detector response: /Users/rishi/Documents/Analysis/data/detRes-fhit2pct-pass5f-mlp-refit.root
2026-08-24 11:00:27 - Pipeline - INFO - Model file: /Users/rishi/Documents/Analysis/Sources/AstroImageDetection-fitmodel/HAWC-ImageProcessing-3MLFit/hawc_analysis/Run1/Results/Step4-FinalRefit/curModel.model
2026-08-24 11:00:27 - Pipeline - INFO - No ROI template provided, computing ROI from provided ra and dec
2026-08-24 11:00:27 - Pipeline - INFO - ROI center: 83, 22
2026-08-24 11:00:27 - Pipeline - INFO - Running threeML fit pipeline with bins: ['B2C0', 'B3C0', 'B4C0', 'B5C0', 'B6C0', 'B7C0', 'B8C0', 'B9C0', 'B10C0']
2026-08-24 11:00:40 - Pipeline - INFO - Running MLE without error estimation
2026-08-24 11:02:51 - Pipeline - INFO - Starting extension fit
2026-08-24 11:02:51 - Pipeline - INFO - Diffuse background normalization status during spectrum test: True
2026-08-24 11:02:51 - Pipeline - INFO - Swapping Source0 spectral shape from Cutoff_powerlaw to Cutoff_powerlaw
2026-08-24 11:02:51 - Pipeline - INFO - New spectrum class: dict_keys(['K', 'piv', 'index', 'xc'])
2026-08-24 11:02:52 - Pipeline - INFO - Swapped Source0 spectral shape -> Cutoff_powerlaw
2026-08-24 11:02:52 - Pipeline - INFO - SOURCE Source1 : param lon0 -> FIXED (not in param_names)
2026-08-24 11:02:52 - Pipeline - INFO - SOURCE Source1 : param lat0 -> FIXED (not in param_names)
2026-08-24 11:02:52 - Pipeline - INFO - SOURCE Source1 : param sigma -> free=True
2026-08-24 11:02:52 - Pipeline - INFO - TESTING SPECTRAL
2026-08-24 11:02:52 - Pipeline - INFO - SOURCE Source1 : param K -> free=True
2026-08-24 11:02:52 - Pipeline - INFO - SOURCE Source1 : param piv -> FIXED (not in param_names)
2026-08-24 11:02:52 - Pipeline - INFO - SOURCE Source1 : param index -> free=True
2026-08-24 11:02:52 - Pipeline - INFO - Fitting model /Users/rishi/Documents/Analysis/Sources/AstroImageDetection-fitmodel/HAWC-ImageProcessing-3MLFit/hawc_analysis/Run1/Results/Step3-Source0-Spectrum-Cutoff_powerlaw/curModel.model in /Users/rishi/Documents/Analysis/Sources/AstroImageDetection-fitmodel/HAWC-ImageProcessing-3MLFit/hawc_analysis/Run1/Results/Step3-Source0-Spectrum-Cutoff_powerlaw  with compute_err=False, compute_TS=False, make_maps=False
2026-08-24 11:02:52 - Pipeline - INFO - Map tree: /Users/rishi/Documents/Analysis/data/maptree-fhit2pct-pass5f-mlp-chunk1-1510.root
2026-08-24 11:02:52 - Pipeline - INFO - Detector response: /Users/rishi/Documents/Analysis/data/detRes-fhit2pct-pass5f-mlp-refit.root
2026-08-24 11:02:52 - Pipeline - INFO - Model file: /Users/rishi/Documents/Analysis/Sources/AstroImageDetection-fitmodel/HAWC-ImageProcessing-3MLFit/hawc_analysis/Run1/Results/Step3-Source0-Spectrum-Cutoff_powerlaw/curModel.model
2026-08-24 11:02:52 - Pipeline - INFO - No ROI template provided, computing ROI from provided ra and dec
2026-08-24 11:02:52 - Pipeline - INFO - ROI center: 83, 22
2026-08-24 11:02:52 - Pipeline - INFO - Running threeML fit pipeline with bins: ['B2C0', 'B3C0', 'B4C0', 'B5C0', 'B6C0', 'B7C0', 'B8C0', 'B9C0', 'B10C0']
2026-08-24 11:03:06 - Pipeline - INFO - Running MLE without error estimation
2026-08-24 11:03:15 - Pipeline - INFO - Fit results saved to /Users/rishi/Documents/Analysis/Sources/AstroImageDetection-fitmodel/HAWC-ImageProcessing-3MLFit/hawc_analysis/Run1/Results/Step3-Source0-Spectrum-Cutoff_powerlaw/likelihoodResults.fits
2026-08-24 11:03:15 - Pipeline - INFO - Fit Step3-Source0-Spectrum-Cutoff_powerlaw: -logL=199639.190, AIC=399290.379 (0.39 min)
2026-08-24 11:03:15 - Pipeline - INFO - Spectrum test Source0 -> Cutoff_powerlaw: delta_TS=-0.00 (threshold 16)
2026-08-24 11:03:15 - Pipeline - INFO - Rejected alternate spectral model Cutoff_powerlaw for Source0; skipping TS computation
2026-08-24 11:03:15 - Pipeline - INFO - Swapping Source0 spectral shape from Cutoff_powerlaw to Log_parabola
2026-08-24 11:03:15 - Pipeline - INFO - New spectrum class: dict_keys(['K', 'piv', 'alpha', 'beta'])
2026-08-24 11:03:16 - Pipeline - INFO - Swapped Source0 spectral shape -> Log_parabola
2026-08-24 11:03:16 - Pipeline - INFO - SOURCE Source1 : param lon0 -> FIXED (not in param_names)
2026-08-24 11:03:16 - Pipeline - INFO - SOURCE Source1 : param lat0 -> FIXED (not in param_names)
2026-08-24 11:03:16 - Pipeline - INFO - SOURCE Source1 : param sigma -> free=True
2026-08-24 11:03:16 - Pipeline - INFO - TESTING SPECTRAL
2026-08-24 11:03:16 - Pipeline - INFO - SOURCE Source1 : param K -> free=True
2026-08-24 11:03:16 - Pipeline - INFO - SOURCE Source1 : param piv -> FIXED (not in param_names)
2026-08-24 11:03:16 - Pipeline - INFO - SOURCE Source1 : param index -> free=True
2026-08-24 11:03:16 - Pipeline - INFO - Fitting model /Users/rishi/Documents/Analysis/Sources/AstroImageDetection-fitmodel/HAWC-ImageProcessing-3MLFit/hawc_analysis/Run1/Results/Step3-Source0-Spectrum-Log_parabola/curModel.model in /Users/rishi/Documents/Analysis/Sources/AstroImageDetection-fitmodel/HAWC-ImageProcessing-3MLFit/hawc_analysis/Run1/Results/Step3-Source0-Spectrum-Log_parabola  with compute_err=False, compute_TS=False, make_maps=False
2026-08-24 11:03:16 - Pipeline - INFO - Map tree: /Users/rishi/Documents/Analysis/data/maptree-fhit2pct-pass5f-mlp-chunk1-1510.root
2026-08-24 11:03:16 - Pipeline - INFO - Detector response: /Users/rishi/Documents/Analysis/data/detRes-fhit2pct-pass5f-mlp-refit.root
2026-08-24 11:03:16 - Pipeline - INFO - Model file: /Users/rishi/Documents/Analysis/Sources/AstroImageDetection-fitmodel/HAWC-ImageProcessing-3MLFit/hawc_analysis/Run1/Results/Step3-Source0-Spectrum-Log_parabola/curModel.model
2026-08-24 11:03:16 - Pipeline - INFO - No ROI template provided, computing ROI from provided ra and dec
2026-08-24 11:03:16 - Pipeline - INFO - ROI center: 83, 22
2026-08-24 11:03:16 - Pipeline - INFO - Running threeML fit pipeline with bins: ['B2C0', 'B3C0', 'B4C0', 'B5C0', 'B6C0', 'B7C0', 'B8C0', 'B9C0', 'B10C0']
2026-08-24 11:03:29 - Pipeline - INFO - Running MLE without error estimation
2026-08-24 11:03:35 - Pipeline - INFO - Fit results saved to /Users/rishi/Documents/Analysis/Sources/AstroImageDetection-fitmodel/HAWC-ImageProcessing-3MLFit/hawc_analysis/Run1/Results/Step3-Source0-Spectrum-Log_parabola/likelihoodResults.fits
2026-08-24 11:03:35 - Pipeline - INFO - Fit Step3-Source0-Spectrum-Log_parabola: -logL=199633.524, AIC=399279.049 (0.32 min)
2026-08-24 11:03:35 - Pipeline - INFO - Spectrum test Source0 -> Log_parabola: delta_TS=11.33 (threshold 16)
2026-08-24 11:03:35 - Pipeline - INFO - Rejected alternate spectral model Log_parabola for Source0; skipping TS computation
2026-08-24 11:03:35 - Pipeline - INFO - Swapping Source1 spectral shape from Powerlaw to Cutoff_powerlaw
2026-08-24 11:03:35 - Pipeline - INFO - New spectrum class: dict_keys(['K', 'piv', 'index', 'xc'])
2026-08-24 11:03:36 - Pipeline - INFO - Swapped Source1 spectral shape -> Cutoff_powerlaw
2026-08-24 11:03:36 - Pipeline - INFO - SOURCE Source0 : param ra -> FIXED (not in param_names)
2026-08-24 11:03:36 - Pipeline - INFO - SOURCE Source0 : param dec -> FIXED (not in param_names)
2026-08-24 11:03:36 - Pipeline - INFO - TESTING SPECTRAL
2026-08-24 11:03:36 - Pipeline - INFO - SOURCE Source0 : param K -> free=True
2026-08-24 11:03:36 - Pipeline - INFO - SOURCE Source0 : param piv -> FIXED (not in param_names)
2026-08-24 11:03:36 - Pipeline - INFO - SOURCE Source0 : param index -> free=True
2026-08-24 11:03:36 - Pipeline - INFO - SOURCE Source0 : param xc -> free=True
2026-08-24 11:03:36 - Pipeline - INFO - Fitting model /Users/rishi/Documents/Analysis/Sources/AstroImageDetection-fitmodel/HAWC-ImageProcessing-3MLFit/hawc_analysis/Run1/Results/Step3-Source1-Spectrum-Cutoff_powerlaw/curModel.model in /Users/rishi/Documents/Analysis/Sources/AstroImageDetection-fitmodel/HAWC-ImageProcessing-3MLFit/hawc_analysis/Run1/Results/Step3-Source1-Spectrum-Cutoff_powerlaw  with compute_err=False, compute_TS=False, make_maps=False
2026-08-24 11:03:36 - Pipeline - INFO - Map tree: /Users/rishi/Documents/Analysis/data/maptree-fhit2pct-pass5f-mlp-chunk1-1510.root
2026-08-24 11:03:36 - Pipeline - INFO - Detector response: /Users/rishi/Documents/Analysis/data/detRes-fhit2pct-pass5f-mlp-refit.root
2026-08-24 11:03:36 - Pipeline - INFO - Model file: /Users/rishi/Documents/Analysis/Sources/AstroImageDetection-fitmodel/HAWC-ImageProcessing-3MLFit/hawc_analysis/Run1/Results/Step3-Source1-Spectrum-Cutoff_powerlaw/curModel.model
2026-08-24 11:03:36 - Pipeline - INFO - No ROI template provided, computing ROI from provided ra and dec
2026-08-24 11:03:36 - Pipeline - INFO - ROI center: 83, 22
2026-08-24 11:03:36 - Pipeline - INFO - Running threeML fit pipeline with bins: ['B2C0', 'B3C0', 'B4C0', 'B5C0', 'B6C0', 'B7C0', 'B8C0', 'B9C0', 'B10C0']
2026-08-24 11:03:47 - Pipeline - INFO - Running MLE without error estimation
2026-08-24 11:04:16 - Pipeline - INFO - Fit results saved to /Users/rishi/Documents/Analysis/Sources/AstroImageDetection-fitmodel/HAWC-ImageProcessing-3MLFit/hawc_analysis/Run1/Results/Step3-Source1-Spectrum-Cutoff_powerlaw/likelihoodResults.fits
2026-08-24 11:04:16 - Pipeline - INFO - Fit Step3-Source1-Spectrum-Cutoff_powerlaw: -logL=199639.027, AIC=399292.055 (0.67 min)
2026-08-24 11:04:16 - Pipeline - INFO - Spectrum test Source1 -> Cutoff_powerlaw: delta_TS=0.32 (threshold 16)
2026-08-24 11:04:16 - Pipeline - INFO - Rejected alternate spectral model Cutoff_powerlaw for Source1; skipping TS computation
2026-08-24 11:04:16 - Pipeline - INFO - Swapping Source1 spectral shape from Powerlaw to Log_parabola
2026-08-24 11:04:16 - Pipeline - INFO - New spectrum class: dict_keys(['K', 'piv', 'alpha', 'beta'])
2026-08-24 11:04:16 - Pipeline - INFO - Swapped Source1 spectral shape -> Log_parabola
2026-08-24 11:04:16 - Pipeline - INFO - SOURCE Source0 : param ra -> FIXED (not in param_names)
2026-08-24 11:04:16 - Pipeline - INFO - SOURCE Source0 : param dec -> FIXED (not in param_names)
2026-08-24 11:04:16 - Pipeline - INFO - TESTING SPECTRAL
2026-08-24 11:04:16 - Pipeline - INFO - SOURCE Source0 : param K -> free=True
2026-08-24 11:04:16 - Pipeline - INFO - SOURCE Source0 : param piv -> FIXED (not in param_names)
2026-08-24 11:04:16 - Pipeline - INFO - SOURCE Source0 : param index -> free=True
2026-08-24 11:04:16 - Pipeline - INFO - SOURCE Source0 : param xc -> free=True
2026-08-24 11:04:16 - Pipeline - INFO - Fitting model /Users/rishi/Documents/Analysis/Sources/AstroImageDetection-fitmodel/HAWC-ImageProcessing-3MLFit/hawc_analysis/Run1/Results/Step3-Source1-Spectrum-Log_parabola/curModel.model in /Users/rishi/Documents/Analysis/Sources/AstroImageDetection-fitmodel/HAWC-ImageProcessing-3MLFit/hawc_analysis/Run1/Results/Step3-Source1-Spectrum-Log_parabola  with compute_err=False, compute_TS=False, make_maps=False
2026-08-24 11:04:16 - Pipeline - INFO - Map tree: /Users/rishi/Documents/Analysis/data/maptree-fhit2pct-pass5f-mlp-chunk1-1510.root
2026-08-24 11:04:16 - Pipeline - INFO - Detector response: /Users/rishi/Documents/Analysis/data/detRes-fhit2pct-pass5f-mlp-refit.root
2026-08-24 11:04:16 - Pipeline - INFO - Model file: /Users/rishi/Documents/Analysis/Sources/AstroImageDetection-fitmodel/HAWC-ImageProcessing-3MLFit/hawc_analysis/Run1/Results/Step3-Source1-Spectrum-Log_parabola/curModel.model
2026-08-24 11:04:16 - Pipeline - INFO - No ROI template provided, computing ROI from provided ra and dec
2026-08-24 11:04:16 - Pipeline - INFO - ROI center: 83, 22
2026-08-24 11:04:16 - Pipeline - INFO - Running threeML fit pipeline with bins: ['B2C0', 'B3C0', 'B4C0', 'B5C0', 'B6C0', 'B7C0', 'B8C0', 'B9C0', 'B10C0']
2026-08-24 11:04:28 - Pipeline - INFO - Running MLE without error estimation
2026-08-24 11:04:54 - Pipeline - INFO - Fit results saved to /Users/rishi/Documents/Analysis/Sources/AstroImageDetection-fitmodel/HAWC-ImageProcessing-3MLFit/hawc_analysis/Run1/Results/Step3-Source1-Spectrum-Log_parabola/likelihoodResults.fits
2026-08-24 11:04:54 - Pipeline - INFO - Fit Step3-Source1-Spectrum-Log_parabola: -logL=199639.189, AIC=399292.379 (0.63 min)
2026-08-24 11:04:54 - Pipeline - INFO - Spectrum test Source1 -> Log_parabola: delta_TS=-0.00 (threshold 16)
2026-08-24 11:04:54 - Pipeline - INFO - Rejected alternate spectral model Log_parabola for Source1; skipping TS computation
2026-08-24 11:06:55 - Pipeline - INFO - Starting extension fit
2026-08-24 11:06:55 - Pipeline - INFO - Diffuse background normalization status during spectrum test: True
2026-08-24 11:06:55 - Pipeline - INFO - Current best log-likelihood: 200054.622
2026-08-24 11:06:55 - Pipeline - INFO - Spatial shape of source Point_Source, Alternate model Gaussian_on_sphere
2026-08-24 11:06:55 - Pipeline - INFO - SOURCE Source1 : param ra -> FIXED (not in param_names)
2026-08-24 11:06:55 - Pipeline - INFO - SOURCE Source1 : param dec -> FIXED (not in param_names)
2026-08-24 11:06:55 - Pipeline - INFO - TESTING SPECTRAL
2026-08-24 11:06:55 - Pipeline - INFO - SOURCE Source1 : param K -> free=True
2026-08-24 11:06:55 - Pipeline - INFO - SOURCE Source1 : param piv -> FIXED (not in param_names)
2026-08-24 11:06:55 - Pipeline - INFO - SOURCE Source1 : param index -> free=True
2026-08-24 11:06:55 - Pipeline - INFO - Fitting model /Users/rishi/Documents/Analysis/Sources/AstroImageDetection-fitmodel/HAWC-ImageProcessing-3MLFit/hawc_analysis/Run1/Results/Step2-Source0-Extension-Gaussian_on_sphere/curModel.model in /Users/rishi/Documents/Analysis/Sources/AstroImageDetection-fitmodel/HAWC-ImageProcessing-3MLFit/hawc_analysis/Run1/Results/Step2-Source0-Extension-Gaussian_on_sphere  with compute_err=False, compute_TS=False, make_maps=True
2026-08-24 11:06:55 - Pipeline - INFO - Map tree: /Users/rishi/Documents/Analysis/data/maptree-fhit2pct-pass5f-mlp-chunk1-1510.root
2026-08-24 11:06:55 - Pipeline - INFO - Detector response: /Users/rishi/Documents/Analysis/data/detRes-fhit2pct-pass5f-mlp-refit.root
2026-08-24 11:06:55 - Pipeline - INFO - Model file: /Users/rishi/Documents/Analysis/Sources/AstroImageDetection-fitmodel/HAWC-ImageProcessing-3MLFit/hawc_analysis/Run1/Results/Step2-Source0-Extension-Gaussian_on_sphere/curModel.model
2026-08-24 11:06:55 - Pipeline - INFO - No ROI template provided, computing ROI from provided ra and dec
2026-08-24 11:06:55 - Pipeline - INFO - ROI center: 83, 22
2026-08-24 11:06:55 - Pipeline - INFO - Running threeML fit pipeline with bins: ['B2C0', 'B3C0', 'B4C0', 'B5C0', 'B6C0', 'B7C0', 'B8C0', 'B9C0', 'B10C0']
2026-08-24 11:07:09 - Pipeline - INFO - Running MLE without error estimation
2026-08-24 11:07:19 - Pipeline - INFO - Fit results saved to /Users/rishi/Documents/Analysis/Sources/AstroImageDetection-fitmodel/HAWC-ImageProcessing-3MLFit/hawc_analysis/Run1/Results/Step2-Source0-Extension-Gaussian_on_sphere/likelihoodResults.fits
2026-08-24 11:07:19 - Pipeline - INFO - Saving HAL output maps
2026-08-24 11:07:19 - Pipeline - INFO - SAVE A BIG MAP
2026-08-24 11:07:40 - Pipeline - INFO - Writing model map...
2026-08-24 11:07:40 - Pipeline - INFO - Fit Step2-Source0-Extension-Gaussian_on_sphere: -logL=200484.352, AIC=400978.704 (0.76 min)
2026-08-24 11:07:40 - Pipeline - INFO - Extension test Source0 -> Gaussian_on_sphere: delta_TS=-859.46 (threshold 16)
2026-08-24 11:07:40 - Pipeline - INFO - Rejected alternate spatial model Gaussian_on_sphere for Source0; skipping TS computation
2026-08-24 11:07:40 - Pipeline - INFO - Current best log-likelihood: 200054.622
2026-08-24 11:07:40 - Pipeline - INFO - Spatial shape of source Point_Source, Alternate model Gaussian_on_sphere
2026-08-24 11:07:40 - Pipeline - INFO - SOURCE Source0 : param ra -> FIXED (not in param_names)
2026-08-24 11:07:40 - Pipeline - INFO - SOURCE Source0 : param dec -> FIXED (not in param_names)
2026-08-24 11:07:40 - Pipeline - INFO - TESTING SPECTRAL
2026-08-24 11:07:40 - Pipeline - INFO - SOURCE Source0 : param K -> free=True
2026-08-24 11:07:40 - Pipeline - INFO - SOURCE Source0 : param piv -> FIXED (not in param_names)
2026-08-24 11:07:40 - Pipeline - INFO - SOURCE Source0 : param index -> free=True
2026-08-24 11:07:40 - Pipeline - INFO - Fitting model /Users/rishi/Documents/Analysis/Sources/AstroImageDetection-fitmodel/HAWC-ImageProcessing-3MLFit/hawc_analysis/Run1/Results/Step2-Source1-Extension-Gaussian_on_sphere/curModel.model in /Users/rishi/Documents/Analysis/Sources/AstroImageDetection-fitmodel/HAWC-ImageProcessing-3MLFit/hawc_analysis/Run1/Results/Step2-Source1-Extension-Gaussian_on_sphere  with compute_err=False, compute_TS=False, make_maps=True
2026-08-24 11:07:40 - Pipeline - INFO - Map tree: /Users/rishi/Documents/Analysis/data/maptree-fhit2pct-pass5f-mlp-chunk1-1510.root
2026-08-24 11:07:40 - Pipeline - INFO - Detector response: /Users/rishi/Documents/Analysis/data/detRes-fhit2pct-pass5f-mlp-refit.root
2026-08-24 11:07:40 - Pipeline - INFO - Model file: /Users/rishi/Documents/Analysis/Sources/AstroImageDetection-fitmodel/HAWC-ImageProcessing-3MLFit/hawc_analysis/Run1/Results/Step2-Source1-Extension-Gaussian_on_sphere/curModel.model
2026-08-24 11:07:40 - Pipeline - INFO - No ROI template provided, computing ROI from provided ra and dec
2026-08-24 11:07:40 - Pipeline - INFO - ROI center: 83, 22
2026-08-24 11:07:40 - Pipeline - INFO - Running threeML fit pipeline with bins: ['B2C0', 'B3C0', 'B4C0', 'B5C0', 'B6C0', 'B7C0', 'B8C0', 'B9C0', 'B10C0']
2026-08-24 11:07:54 - Pipeline - INFO - Running MLE without error estimation
2026-08-24 11:08:02 - Pipeline - INFO - Fit results saved to /Users/rishi/Documents/Analysis/Sources/AstroImageDetection-fitmodel/HAWC-ImageProcessing-3MLFit/hawc_analysis/Run1/Results/Step2-Source1-Extension-Gaussian_on_sphere/likelihoodResults.fits
2026-08-24 11:08:02 - Pipeline - INFO - Saving HAL output maps
2026-08-24 11:08:02 - Pipeline - INFO - SAVE A BIG MAP
2026-08-24 11:08:26 - Pipeline - INFO - Writing model map...
2026-08-24 11:08:27 - Pipeline - INFO - Fit Step2-Source1-Extension-Gaussian_on_sphere: -logL=199969.054, AIC=399948.108 (0.77 min)
2026-08-24 11:08:27 - Pipeline - INFO - Extension test Source1 -> Gaussian_on_sphere: delta_TS=171.14 (threshold 16)
2026-08-24 11:08:27 - Pipeline - INFO - delta_TS above threshold; computing per-source TS for Step2-Source1-Extension-Gaussian_on_sphere
2026-08-24 11:08:27 - Pipeline - INFO - Calculating TS for all sources in the model
2026-08-24 11:08:27 - Pipeline - INFO - Computing TS for source: Source0
2026-08-24 11:08:31 - Pipeline - INFO - TS for source Source0: 95266.54488045361
2026-08-24 11:08:31 - Pipeline - INFO - Computing TS for source: Source1
2026-08-24 11:08:31 - Pipeline - INFO - TS for source Source1: 226.66692540573422
2026-08-24 11:08:31 - Pipeline - INFO - Accepted alternate spatial model Gaussian_on_sphere for Source1
2026-08-24 11:08:32 - Pipeline - INFO - Starting extension fit
2026-08-24 11:08:32 - Pipeline - INFO - Diffuse background normalization status during spectrum test: True
2026-08-24 11:08:32 - Pipeline - INFO - Swapping Source0 spectral shape from Powerlaw to Cutoff_powerlaw
2026-08-24 11:08:32 - Pipeline - INFO - New spectrum class: dict_keys(['K', 'piv', 'index', 'xc'])
2026-08-24 11:08:32 - Pipeline - INFO - Swapped Source0 spectral shape -> Cutoff_powerlaw
2026-08-24 11:08:32 - Pipeline - INFO - SOURCE Source1 : param lon0 -> FIXED (not in param_names)
2026-08-24 11:08:32 - Pipeline - INFO - SOURCE Source1 : param lat0 -> FIXED (not in param_names)
2026-08-24 11:08:32 - Pipeline - INFO - SOURCE Source1 : param sigma -> free=True
2026-08-24 11:08:32 - Pipeline - INFO - TESTING SPECTRAL
2026-08-24 11:08:32 - Pipeline - INFO - SOURCE Source1 : param K -> free=True
2026-08-24 11:08:32 - Pipeline - INFO - SOURCE Source1 : param piv -> FIXED (not in param_names)
2026-08-24 11:08:32 - Pipeline - INFO - SOURCE Source1 : param index -> free=True
2026-08-24 11:08:32 - Pipeline - INFO - Fitting model /Users/rishi/Documents/Analysis/Sources/AstroImageDetection-fitmodel/HAWC-ImageProcessing-3MLFit/hawc_analysis/Run1/Results/Step3-Source0-Spectrum-Cutoff_powerlaw/curModel.model in /Users/rishi/Documents/Analysis/Sources/AstroImageDetection-fitmodel/HAWC-ImageProcessing-3MLFit/hawc_analysis/Run1/Results/Step3-Source0-Spectrum-Cutoff_powerlaw  with compute_err=False, compute_TS=False, make_maps=False
2026-08-24 11:08:32 - Pipeline - INFO - Map tree: /Users/rishi/Documents/Analysis/data/maptree-fhit2pct-pass5f-mlp-chunk1-1510.root
2026-08-24 11:08:32 - Pipeline - INFO - Detector response: /Users/rishi/Documents/Analysis/data/detRes-fhit2pct-pass5f-mlp-refit.root
2026-08-24 11:08:32 - Pipeline - INFO - Model file: /Users/rishi/Documents/Analysis/Sources/AstroImageDetection-fitmodel/HAWC-ImageProcessing-3MLFit/hawc_analysis/Run1/Results/Step3-Source0-Spectrum-Cutoff_powerlaw/curModel.model
2026-08-24 11:08:32 - Pipeline - INFO - No ROI template provided, computing ROI from provided ra and dec
2026-08-24 11:08:32 - Pipeline - INFO - ROI center: 83, 22
2026-08-24 11:08:32 - Pipeline - INFO - Running threeML fit pipeline with bins: ['B2C0', 'B3C0', 'B4C0', 'B5C0', 'B6C0', 'B7C0', 'B8C0', 'B9C0', 'B10C0']
2026-08-24 11:08:49 - Pipeline - INFO - Running MLE without error estimation
2026-08-24 11:09:00 - Pipeline - INFO - Fit results saved to /Users/rishi/Documents/Analysis/Sources/AstroImageDetection-fitmodel/HAWC-ImageProcessing-3MLFit/hawc_analysis/Run1/Results/Step3-Source0-Spectrum-Cutoff_powerlaw/likelihoodResults.fits
2026-08-24 11:09:00 - Pipeline - INFO - Fit Step3-Source0-Spectrum-Cutoff_powerlaw: -logL=199639.189, AIC=399290.378 (0.46 min)
2026-08-24 11:09:00 - Pipeline - INFO - Spectrum test Source0 -> Cutoff_powerlaw: delta_TS=659.73 (threshold 16)
2026-08-24 11:09:00 - Pipeline - INFO - delta_TS above threshold; computing per-source TS for Step3-Source0-Spectrum-Cutoff_powerlaw
2026-08-24 11:09:00 - Pipeline - INFO - Calculating TS for all sources in the model
2026-08-24 11:09:00 - Pipeline - INFO - Computing TS for source: Source0
2026-08-24 11:09:04 - Pipeline - INFO - TS for source Source0: 95926.27466099878
2026-08-24 11:09:04 - Pipeline - INFO - Computing TS for source: Source1
2026-08-24 11:09:05 - Pipeline - INFO - TS for source Source1: 229.72775282373186
2026-08-24 11:09:05 - Pipeline - INFO - Accepted alternate spectral model Cutoff_powerlaw for Source0
2026-08-24 11:09:05 - Pipeline - INFO - Swapping Source0 spectral shape from Powerlaw to Log_parabola
2026-08-24 11:09:05 - Pipeline - INFO - New spectrum class: dict_keys(['K', 'piv', 'alpha', 'beta'])
2026-08-24 11:09:05 - Pipeline - INFO - Swapped Source0 spectral shape -> Log_parabola
2026-08-24 11:09:05 - Pipeline - INFO - SOURCE Source1 : param lon0 -> FIXED (not in param_names)
2026-08-24 11:09:05 - Pipeline - INFO - SOURCE Source1 : param lat0 -> FIXED (not in param_names)
2026-08-24 11:09:05 - Pipeline - INFO - SOURCE Source1 : param sigma -> free=True
2026-08-24 11:09:05 - Pipeline - INFO - TESTING SPECTRAL
2026-08-24 11:09:05 - Pipeline - INFO - SOURCE Source1 : param K -> free=True
2026-08-24 11:09:05 - Pipeline - INFO - SOURCE Source1 : param piv -> FIXED (not in param_names)
2026-08-24 11:09:05 - Pipeline - INFO - SOURCE Source1 : param index -> free=True
2026-08-24 11:09:05 - Pipeline - INFO - Fitting model /Users/rishi/Documents/Analysis/Sources/AstroImageDetection-fitmodel/HAWC-ImageProcessing-3MLFit/hawc_analysis/Run1/Results/Step3-Source0-Spectrum-Log_parabola/curModel.model in /Users/rishi/Documents/Analysis/Sources/AstroImageDetection-fitmodel/HAWC-ImageProcessing-3MLFit/hawc_analysis/Run1/Results/Step3-Source0-Spectrum-Log_parabola  with compute_err=False, compute_TS=False, make_maps=False
2026-08-24 11:09:05 - Pipeline - INFO - Map tree: /Users/rishi/Documents/Analysis/data/maptree-fhit2pct-pass5f-mlp-chunk1-1510.root
2026-08-24 11:09:05 - Pipeline - INFO - Detector response: /Users/rishi/Documents/Analysis/data/detRes-fhit2pct-pass5f-mlp-refit.root
2026-08-24 11:09:05 - Pipeline - INFO - Model file: /Users/rishi/Documents/Analysis/Sources/AstroImageDetection-fitmodel/HAWC-ImageProcessing-3MLFit/hawc_analysis/Run1/Results/Step3-Source0-Spectrum-Log_parabola/curModel.model
2026-08-24 11:09:05 - Pipeline - INFO - No ROI template provided, computing ROI from provided ra and dec
2026-08-24 11:09:05 - Pipeline - INFO - ROI center: 83, 22
2026-08-24 11:09:05 - Pipeline - INFO - Running threeML fit pipeline with bins: ['B2C0', 'B3C0', 'B4C0', 'B5C0', 'B6C0', 'B7C0', 'B8C0', 'B9C0', 'B10C0']
2026-08-24 11:09:21 - Pipeline - INFO - Running MLE without error estimation
2026-08-24 11:09:27 - Pipeline - INFO - Fit results saved to /Users/rishi/Documents/Analysis/Sources/AstroImageDetection-fitmodel/HAWC-ImageProcessing-3MLFit/hawc_analysis/Run1/Results/Step3-Source0-Spectrum-Log_parabola/likelihoodResults.fits
2026-08-24 11:09:27 - Pipeline - INFO - Fit Step3-Source0-Spectrum-Log_parabola: -logL=199633.525, AIC=399279.050 (0.36 min)
2026-08-24 11:09:27 - Pipeline - INFO - Spectrum test Source0 -> Log_parabola: delta_TS=11.33 (threshold 16)
2026-08-24 11:09:27 - Pipeline - INFO - Rejected alternate spectral model Log_parabola for Source0; skipping TS computation
2026-08-24 11:09:27 - Pipeline - INFO - Swapping Source1 spectral shape from Powerlaw to Cutoff_powerlaw
2026-08-24 11:09:27 - Pipeline - INFO - New spectrum class: dict_keys(['K', 'piv', 'index', 'xc'])
2026-08-24 11:09:27 - Pipeline - INFO - Swapped Source1 spectral shape -> Cutoff_powerlaw
2026-08-24 11:09:27 - Pipeline - INFO - SOURCE Source0 : param ra -> FIXED (not in param_names)
2026-08-24 11:09:27 - Pipeline - INFO - SOURCE Source0 : param dec -> FIXED (not in param_names)
2026-08-24 11:09:27 - Pipeline - INFO - TESTING SPECTRAL
2026-08-24 11:09:27 - Pipeline - INFO - SOURCE Source0 : param K -> free=True
2026-08-24 11:09:27 - Pipeline - INFO - SOURCE Source0 : param piv -> FIXED (not in param_names)
2026-08-24 11:09:27 - Pipeline - INFO - SOURCE Source0 : param index -> free=True
2026-08-24 11:09:27 - Pipeline - INFO - SOURCE Source0 : param xc -> free=True
2026-08-24 11:09:27 - Pipeline - INFO - Fitting model /Users/rishi/Documents/Analysis/Sources/AstroImageDetection-fitmodel/HAWC-ImageProcessing-3MLFit/hawc_analysis/Run1/Results/Step3-Source1-Spectrum-Cutoff_powerlaw/curModel.model in /Users/rishi/Documents/Analysis/Sources/AstroImageDetection-fitmodel/HAWC-ImageProcessing-3MLFit/hawc_analysis/Run1/Results/Step3-Source1-Spectrum-Cutoff_powerlaw  with compute_err=False, compute_TS=False, make_maps=False
2026-08-24 11:09:27 - Pipeline - INFO - Map tree: /Users/rishi/Documents/Analysis/data/maptree-fhit2pct-pass5f-mlp-chunk1-1510.root
2026-08-24 11:09:27 - Pipeline - INFO - Detector response: /Users/rishi/Documents/Analysis/data/detRes-fhit2pct-pass5f-mlp-refit.root
2026-08-24 11:09:27 - Pipeline - INFO - Model file: /Users/rishi/Documents/Analysis/Sources/AstroImageDetection-fitmodel/HAWC-ImageProcessing-3MLFit/hawc_analysis/Run1/Results/Step3-Source1-Spectrum-Cutoff_powerlaw/curModel.model
2026-08-24 11:09:27 - Pipeline - INFO - No ROI template provided, computing ROI from provided ra and dec
2026-08-24 11:09:27 - Pipeline - INFO - ROI center: 83, 22
2026-08-24 11:09:27 - Pipeline - INFO - Running threeML fit pipeline with bins: ['B2C0', 'B3C0', 'B4C0', 'B5C0', 'B6C0', 'B7C0', 'B8C0', 'B9C0', 'B10C0']
2026-08-24 11:09:42 - Pipeline - INFO - Running MLE without error estimation
2026-08-24 11:10:12 - Pipeline - INFO - Fit results saved to /Users/rishi/Documents/Analysis/Sources/AstroImageDetection-fitmodel/HAWC-ImageProcessing-3MLFit/hawc_analysis/Run1/Results/Step3-Source1-Spectrum-Cutoff_powerlaw/likelihoodResults.fits
2026-08-24 11:10:12 - Pipeline - INFO - Fit Step3-Source1-Spectrum-Cutoff_powerlaw: -logL=199639.027, AIC=399292.055 (0.76 min)
2026-08-24 11:10:12 - Pipeline - INFO - Spectrum test Source1 -> Cutoff_powerlaw: delta_TS=0.32 (threshold 16)
2026-08-24 11:10:12 - Pipeline - INFO - Rejected alternate spectral model Cutoff_powerlaw for Source1; skipping TS computation
2026-08-24 11:10:12 - Pipeline - INFO - Swapping Source1 spectral shape from Powerlaw to Log_parabola
2026-08-24 11:10:12 - Pipeline - INFO - New spectrum class: dict_keys(['K', 'piv', 'alpha', 'beta'])
2026-08-24 11:10:12 - Pipeline - INFO - Swapped Source1 spectral shape -> Log_parabola
2026-08-24 11:10:12 - Pipeline - INFO - SOURCE Source0 : param ra -> FIXED (not in param_names)
2026-08-24 11:10:12 - Pipeline - INFO - SOURCE Source0 : param dec -> FIXED (not in param_names)
2026-08-24 11:10:12 - Pipeline - INFO - TESTING SPECTRAL
2026-08-24 11:10:12 - Pipeline - INFO - SOURCE Source0 : param K -> free=True
2026-08-24 11:10:12 - Pipeline - INFO - SOURCE Source0 : param piv -> FIXED (not in param_names)
2026-08-24 11:10:12 - Pipeline - INFO - SOURCE Source0 : param index -> free=True
2026-08-24 11:10:12 - Pipeline - INFO - SOURCE Source0 : param xc -> free=True
2026-08-24 11:10:12 - Pipeline - INFO - Fitting model /Users/rishi/Documents/Analysis/Sources/AstroImageDetection-fitmodel/HAWC-ImageProcessing-3MLFit/hawc_analysis/Run1/Results/Step3-Source1-Spectrum-Log_parabola/curModel.model in /Users/rishi/Documents/Analysis/Sources/AstroImageDetection-fitmodel/HAWC-ImageProcessing-3MLFit/hawc_analysis/Run1/Results/Step3-Source1-Spectrum-Log_parabola  with compute_err=False, compute_TS=False, make_maps=False
2026-08-24 11:10:13 - Pipeline - INFO - Map tree: /Users/rishi/Documents/Analysis/data/maptree-fhit2pct-pass5f-mlp-chunk1-1510.root
2026-08-24 11:10:13 - Pipeline - INFO - Detector response: /Users/rishi/Documents/Analysis/data/detRes-fhit2pct-pass5f-mlp-refit.root
2026-08-24 11:10:13 - Pipeline - INFO - Model file: /Users/rishi/Documents/Analysis/Sources/AstroImageDetection-fitmodel/HAWC-ImageProcessing-3MLFit/hawc_analysis/Run1/Results/Step3-Source1-Spectrum-Log_parabola/curModel.model
2026-08-24 11:10:13 - Pipeline - INFO - No ROI template provided, computing ROI from provided ra and dec
2026-08-24 11:10:13 - Pipeline - INFO - ROI center: 83, 22
2026-08-24 11:10:13 - Pipeline - INFO - Running threeML fit pipeline with bins: ['B2C0', 'B3C0', 'B4C0', 'B5C0', 'B6C0', 'B7C0', 'B8C0', 'B9C0', 'B10C0']
2026-08-24 11:10:27 - Pipeline - INFO - Running MLE without error estimation
2026-08-24 11:10:53 - Pipeline - INFO - Fit results saved to /Users/rishi/Documents/Analysis/Sources/AstroImageDetection-fitmodel/HAWC-ImageProcessing-3MLFit/hawc_analysis/Run1/Results/Step3-Source1-Spectrum-Log_parabola/likelihoodResults.fits
2026-08-24 11:10:53 - Pipeline - INFO - Fit Step3-Source1-Spectrum-Log_parabola: -logL=199639.189, AIC=399292.379 (0.67 min)
2026-08-24 11:10:53 - Pipeline - INFO - Spectrum test Source1 -> Log_parabola: delta_TS=-0.00 (threshold 16)
2026-08-24 11:10:53 - Pipeline - INFO - Rejected alternate spectral model Log_parabola for Source1; skipping TS computation
2026-08-24 11:10:53 - Pipeline - INFO - Starting extension fit
2026-08-24 11:10:53 - Pipeline - INFO - SOURCE Source0 : param ra -> free=True
2026-08-24 11:10:53 - Pipeline - INFO - SOURCE Source0 : param dec -> free=True
2026-08-24 11:10:53 - Pipeline - INFO - SOURCE Source1 : param ra -> free=True
2026-08-24 11:10:53 - Pipeline - INFO - SOURCE Source1 : param dec -> free=True
2026-08-24 11:10:53 - Pipeline - INFO - TESTING SPECTRAL
2026-08-24 11:10:53 - Pipeline - INFO - SOURCE Source0 : param K -> free=True
2026-08-24 11:10:53 - Pipeline - INFO - SOURCE Source0 : param piv -> FIXED (not in param_names)
2026-08-24 11:10:53 - Pipeline - INFO - SOURCE Source0 : param index -> free=True
2026-08-24 11:10:53 - Pipeline - INFO - TESTING SPECTRAL
2026-08-24 11:10:53 - Pipeline - INFO - SOURCE Source1 : param K -> free=True
2026-08-24 11:10:53 - Pipeline - INFO - SOURCE Source1 : param piv -> FIXED (not in param_names)
2026-08-24 11:10:53 - Pipeline - INFO - SOURCE Source1 : param index -> free=True
2026-08-24 11:10:53 - Pipeline - INFO - Skipping background source 'HAWC_bkg_renorm (Parameter)'
2026-08-24 11:10:53 - Pipeline - INFO - Running final joint refit with all parameters free
2026-08-24 11:10:53 - Pipeline - INFO - Fitting model /Users/rishi/Documents/Analysis/Sources/AstroImageDetection-fitmodel/HAWC-ImageProcessing-3MLFit/hawc_analysis/Run1/Results/Step4-FinalRefit/curModel.model in /Users/rishi/Documents/Analysis/Sources/AstroImageDetection-fitmodel/HAWC-ImageProcessing-3MLFit/hawc_analysis/Run1/Results/Step4-FinalRefit  with compute_err=False, compute_TS=True, make_maps=True
2026-08-24 11:10:53 - Pipeline - INFO - Map tree: /Users/rishi/Documents/Analysis/data/maptree-fhit2pct-pass5f-mlp-chunk1-1510.root
2026-08-24 11:10:53 - Pipeline - INFO - Detector response: /Users/rishi/Documents/Analysis/data/detRes-fhit2pct-pass5f-mlp-refit.root
2026-08-24 11:10:53 - Pipeline - INFO - Model file: /Users/rishi/Documents/Analysis/Sources/AstroImageDetection-fitmodel/HAWC-ImageProcessing-3MLFit/hawc_analysis/Run1/Results/Step4-FinalRefit/curModel.model
2026-08-24 11:10:53 - Pipeline - INFO - No ROI template provided, computing ROI from provided ra and dec
2026-08-24 11:10:53 - Pipeline - INFO - ROI center: 83, 22
2026-08-24 11:10:53 - Pipeline - INFO - Running threeML fit pipeline with bins: ['B2C0', 'B3C0', 'B4C0', 'B5C0', 'B6C0', 'B7C0', 'B8C0', 'B9C0', 'B10C0']
2026-08-24 11:11:05 - Pipeline - INFO - Starting extension fit
2026-08-24 11:11:05 - Pipeline - INFO - SOURCE Source0 : param ra -> free=True
2026-08-24 11:11:05 - Pipeline - INFO - SOURCE Source0 : param dec -> free=True
2026-08-24 11:11:05 - Pipeline - INFO - SOURCE Source1 : param lon0 -> free=True
2026-08-24 11:11:05 - Pipeline - INFO - SOURCE Source1 : param lat0 -> free=True
2026-08-24 11:11:05 - Pipeline - INFO - SOURCE Source1 : param sigma -> free=True
2026-08-24 11:11:05 - Pipeline - INFO - TESTING SPECTRAL
2026-08-24 11:11:05 - Pipeline - INFO - SOURCE Source0 : param K -> free=True
2026-08-24 11:11:05 - Pipeline - INFO - SOURCE Source0 : param piv -> FIXED (not in param_names)
2026-08-24 11:11:05 - Pipeline - INFO - SOURCE Source0 : param index -> free=True
2026-08-24 11:11:05 - Pipeline - INFO - SOURCE Source0 : param xc -> free=True
2026-08-24 11:11:05 - Pipeline - INFO - TESTING SPECTRAL
2026-08-24 11:11:05 - Pipeline - INFO - SOURCE Source1 : param K -> free=True
2026-08-24 11:11:05 - Pipeline - INFO - SOURCE Source1 : param piv -> FIXED (not in param_names)
2026-08-24 11:11:05 - Pipeline - INFO - SOURCE Source1 : param index -> free=True
2026-08-24 11:11:05 - Pipeline - INFO - Skipping background source 'HAWC_bkg_renorm (Parameter)'
2026-08-24 11:11:05 - Pipeline - INFO - Running final joint refit with all parameters free
2026-08-24 11:11:05 - Pipeline - INFO - Fitting model /Users/rishi/Documents/Analysis/Sources/AstroImageDetection-fitmodel/HAWC-ImageProcessing-3MLFit/hawc_analysis/Run1/Results/Step4-FinalRefit/curModel.model in /Users/rishi/Documents/Analysis/Sources/AstroImageDetection-fitmodel/HAWC-ImageProcessing-3MLFit/hawc_analysis/Run1/Results/Step4-FinalRefit  with compute_err=False, compute_TS=True, make_maps=True
2026-08-24 11:11:05 - Pipeline - INFO - Map tree: /Users/rishi/Documents/Analysis/data/maptree-fhit2pct-pass5f-mlp-chunk1-1510.root
2026-08-24 11:11:05 - Pipeline - INFO - Detector response: /Users/rishi/Documents/Analysis/data/detRes-fhit2pct-pass5f-mlp-refit.root
2026-08-24 11:11:05 - Pipeline - INFO - Model file: /Users/rishi/Documents/Analysis/Sources/AstroImageDetection-fitmodel/HAWC-ImageProcessing-3MLFit/hawc_analysis/Run1/Results/Step4-FinalRefit/curModel.model
2026-08-24 11:11:05 - Pipeline - INFO - No ROI template provided, computing ROI from provided ra and dec
2026-08-24 11:11:05 - Pipeline - INFO - ROI center: 83, 22
2026-08-24 11:11:05 - Pipeline - INFO - Running threeML fit pipeline with bins: ['B2C0', 'B3C0', 'B4C0', 'B5C0', 'B6C0', 'B7C0', 'B8C0', 'B9C0', 'B10C0']
2026-08-24 11:11:19 - Pipeline - INFO - Running MLE without error estimation
2026-08-24 11:11:32 - Pipeline - INFO - Fit results saved to /Users/rishi/Documents/Analysis/Sources/AstroImageDetection-fitmodel/HAWC-ImageProcessing-3MLFit/hawc_analysis/Run1/Results/Step4-FinalRefit/likelihoodResults.fits
2026-08-24 11:11:32 - Pipeline - INFO - Calculating TS for all sources in the model
2026-08-24 11:11:32 - Pipeline - INFO - Computing TS for source: Source0
2026-08-24 11:11:39 - Pipeline - INFO - TS for source Source0: 87776.40378957643
2026-08-24 11:11:39 - Pipeline - INFO - Computing TS for source: Source1
2026-08-24 11:11:43 - Pipeline - INFO - TS for source Source1: 233.12927329039667
2026-08-24 11:11:43 - Pipeline - INFO - Saving HAL output maps
2026-08-24 11:11:43 - Pipeline - INFO - SAVE A BIG MAP
2026-08-24 11:12:05 - Pipeline - INFO - Writing model map...
2026-08-24 11:12:05 - Pipeline - INFO - Fit Step4-FinalRefit: -logL=199637.477, AIC=399294.954 (1.01 min)
2026-08-24 11:12:05 - Pipeline - INFO - Converting HDF5 to FITS: residual_fit.hd5
2026-08-24 11:12:11 - Pipeline - INFO - Created FITS file: /Users/rishi/Documents/Analysis/Sources/AstroImageDetection-fitmodel/HAWC-ImageProcessing-3MLFit/hawc_analysis/Run1/Results/Step4-FinalRefit/fits/residual_binB2C0.fits.gz
2026-08-24 11:12:16 - Pipeline - INFO - Created FITS file: /Users/rishi/Documents/Analysis/Sources/AstroImageDetection-fitmodel/HAWC-ImageProcessing-3MLFit/hawc_analysis/Run1/Results/Step4-FinalRefit/fits/residual_binB3C0.fits.gz
2026-08-24 11:12:21 - Pipeline - INFO - Created FITS file: /Users/rishi/Documents/Analysis/Sources/AstroImageDetection-fitmodel/HAWC-ImageProcessing-3MLFit/hawc_analysis/Run1/Results/Step4-FinalRefit/fits/residual_binB4C0.fits.gz
2026-08-24 11:12:25 - Pipeline - INFO - Created FITS file: /Users/rishi/Documents/Analysis/Sources/AstroImageDetection-fitmodel/HAWC-ImageProcessing-3MLFit/hawc_analysis/Run1/Results/Step4-FinalRefit/fits/residual_binB5C0.fits.gz
2026-08-24 11:12:29 - Pipeline - INFO - Created FITS file: /Users/rishi/Documents/Analysis/Sources/AstroImageDetection-fitmodel/HAWC-ImageProcessing-3MLFit/hawc_analysis/Run1/Results/Step4-FinalRefit/fits/residual_binB6C0.fits.gz
2026-08-24 11:12:32 - Pipeline - INFO - Created FITS file: /Users/rishi/Documents/Analysis/Sources/AstroImageDetection-fitmodel/HAWC-ImageProcessing-3MLFit/hawc_analysis/Run1/Results/Step4-FinalRefit/fits/residual_binB7C0.fits.gz
2026-08-24 11:12:35 - Pipeline - INFO - Created FITS file: /Users/rishi/Documents/Analysis/Sources/AstroImageDetection-fitmodel/HAWC-ImageProcessing-3MLFit/hawc_analysis/Run1/Results/Step4-FinalRefit/fits/residual_binB8C0.fits.gz
2026-08-24 11:12:38 - Pipeline - INFO - Created FITS file: /Users/rishi/Documents/Analysis/Sources/AstroImageDetection-fitmodel/HAWC-ImageProcessing-3MLFit/hawc_analysis/Run1/Results/Step4-FinalRefit/fits/residual_binB9C0.fits.gz
2026-08-24 11:12:40 - Pipeline - INFO - Created FITS file: /Users/rishi/Documents/Analysis/Sources/AstroImageDetection-fitmodel/HAWC-ImageProcessing-3MLFit/hawc_analysis/Run1/Results/Step4-FinalRefit/fits/residual_binB10C0.fits.gz
2026-08-24 11:12:40 - Pipeline - INFO - Successfully converted 9 energy bins to FITS
2026-08-24 11:12:40 - Pipeline - INFO - Creating HEALPix map from 9 FITS files
2026-08-24 11:12:40 - Pipeline - INFO - Energy bins: ['B2C0', 'B3C0', 'B4C0', 'B5C0', 'B6C0', 'B7C0', 'B8C0', 'B9C0', 'B10C0']
2026-08-24 11:12:40 - Pipeline - INFO - Executing HealpixSigFluxMap command:
2026-08-24 11:13:11 - Pipeline - INFO - HEALPix map created successfully: /Users/rishi/Documents/Analysis/Sources/AstroImageDetection-fitmodel/HAWC-ImageProcessing-3MLFit/hawc_analysis/Run1/Results/Step4-FinalRefit/fits/residual.fits
2026-08-24 11:13:11 - Pipeline - INFO - Max value in residual map: nan
2026-08-24 11:13:11 - Pipeline - INFO - Wrote fit summary: /Users/rishi/Documents/Analysis/Sources/AstroImageDetection-fitmodel/HAWC-ImageProcessing-3MLFit/hawc_analysis/Run1/Results/Step4-FinalRefit/fit_summary.json
2026-08-24 11:13:11 - Pipeline - INFO - Wrote fit summary CSV: /Users/rishi/Documents/Analysis/Sources/AstroImageDetection-fitmodel/HAWC-ImageProcessing-3MLFit/hawc_analysis/Run1/Results/Step4-FinalRefit/fit_summary.csv
2026-08-24 11:14:17 - Pipeline - INFO - Max value in residual map: nan
2026-08-24 11:17:05 - Pipeline - INFO - Max value in residual map: nan
2026-08-24 11:17:41 - Pipeline - INFO - Max value in residual map: nan
2026-08-24 11:17:57 - Pipeline - INFO - Max value in residual map: nan
2026-08-24 11:18:51 - Pipeline - INFO - Max value in residual map: nan
2026-08-24 11:19:27 - Pipeline - INFO - No hotspots found in /Users/rishi/Documents/Analysis/Sources/AstroImageDetection-fitmodel/HAWC-ImageProcessing-3MLFit/hawc_analysis/Run1/Results/Step1-JointFit/fits/residual.fits. Max value: nan
2026-08-24 11:19:27 - Pipeline - INFO - Max value in residual map: nan
2026-08-24 11:19:57 - Pipeline - INFO - Starting extension fit
2026-08-24 11:19:57 - Pipeline - INFO - SOURCE Source0 : param ra -> free=True
2026-08-24 11:19:57 - Pipeline - INFO - SOURCE Source0 : param dec -> free=True
2026-08-24 11:19:57 - Pipeline - INFO - SOURCE Source1 : param lon0 -> free=True
2026-08-24 11:19:57 - Pipeline - INFO - SOURCE Source1 : param lat0 -> free=True
2026-08-24 11:19:57 - Pipeline - INFO - SOURCE Source1 : param sigma -> free=True
2026-08-24 11:19:57 - Pipeline - INFO - TESTING SPECTRAL
2026-08-24 11:19:57 - Pipeline - INFO - SOURCE Source0 : param K -> free=True
2026-08-24 11:19:57 - Pipeline - INFO - SOURCE Source0 : param piv -> FIXED (not in param_names)
2026-08-24 11:19:57 - Pipeline - INFO - SOURCE Source0 : param index -> free=True
2026-08-24 11:19:57 - Pipeline - INFO - SOURCE Source0 : param xc -> free=True
2026-08-24 11:19:57 - Pipeline - INFO - TESTING SPECTRAL
2026-08-24 11:19:57 - Pipeline - INFO - SOURCE Source1 : param K -> free=True
2026-08-24 11:19:57 - Pipeline - INFO - SOURCE Source1 : param piv -> FIXED (not in param_names)
2026-08-24 11:19:57 - Pipeline - INFO - SOURCE Source1 : param index -> free=True
2026-08-24 11:19:57 - Pipeline - INFO - Skipping background source 'HAWC_bkg_renorm (Parameter)'
2026-08-24 11:19:57 - Pipeline - INFO - Running final joint refit with all parameters free
2026-08-24 11:19:57 - Pipeline - INFO - Fitting model /Users/rishi/Documents/Analysis/Sources/AstroImageDetection-fitmodel/HAWC-ImageProcessing-3MLFit/hawc_analysis/Run1/Results/Step4-FinalRefit/curModel.model in /Users/rishi/Documents/Analysis/Sources/AstroImageDetection-fitmodel/HAWC-ImageProcessing-3MLFit/hawc_analysis/Run1/Results/Step4-FinalRefit  with compute_err=False, compute_TS=True, make_maps=True
2026-08-24 11:19:57 - Pipeline - INFO - Map tree: /Users/rishi/Documents/Analysis/data/maptree-fhit2pct-pass5f-mlp-chunk1-1510.root
2026-08-24 11:19:57 - Pipeline - INFO - Detector response: /Users/rishi/Documents/Analysis/data/detRes-fhit2pct-pass5f-mlp-refit.root
2026-08-24 11:19:57 - Pipeline - INFO - Model file: /Users/rishi/Documents/Analysis/Sources/AstroImageDetection-fitmodel/HAWC-ImageProcessing-3MLFit/hawc_analysis/Run1/Results/Step4-FinalRefit/curModel.model
2026-08-24 11:19:57 - Pipeline - INFO - No ROI template provided, computing ROI from provided ra and dec
2026-08-24 11:19:57 - Pipeline - INFO - ROI center: 83, 22
2026-08-24 11:19:57 - Pipeline - INFO - Running threeML fit pipeline with bins: ['B2C0', 'B3C0', 'B4C0', 'B5C0', 'B6C0', 'B7C0', 'B8C0', 'B9C0', 'B10C0']
2026-08-24 11:20:11 - Pipeline - INFO - Running MLE without error estimation
2026-08-24 11:20:24 - Pipeline - INFO - Fit results saved to /Users/rishi/Documents/Analysis/Sources/AstroImageDetection-fitmodel/HAWC-ImageProcessing-3MLFit/hawc_analysis/Run1/Results/Step4-FinalRefit/likelihoodResults.fits
2026-08-24 11:20:24 - Pipeline - INFO - Calculating TS for all sources in the model
2026-08-24 11:20:24 - Pipeline - INFO - Computing TS for source: Source0
2026-08-24 11:20:31 - Pipeline - INFO - TS for source Source0: 87776.40378957643
2026-08-24 11:20:31 - Pipeline - INFO - Computing TS for source: Source1
2026-08-24 11:20:36 - Pipeline - INFO - TS for source Source1: 233.12927329039667
2026-08-24 11:20:36 - Pipeline - INFO - Saving HAL output maps
2026-08-24 11:20:36 - Pipeline - INFO - SAVE A BIG MAP
2026-08-24 11:20:59 - Pipeline - INFO - Writing model map...
2026-08-24 11:21:00 - Pipeline - INFO - Fit Step4-FinalRefit: -logL=199637.477, AIC=399294.954 (1.05 min)
2026-08-24 11:21:00 - Pipeline - INFO - Converting HDF5 to FITS: residual_fit.hd5
2026-08-24 11:21:05 - Pipeline - INFO - Created FITS file: /Users/rishi/Documents/Analysis/Sources/AstroImageDetection-fitmodel/HAWC-ImageProcessing-3MLFit/hawc_analysis/Run1/Results/Step4-FinalRefit/fits/residual_binB2C0.fits.gz
2026-08-24 11:21:10 - Pipeline - INFO - Created FITS file: /Users/rishi/Documents/Analysis/Sources/AstroImageDetection-fitmodel/HAWC-ImageProcessing-3MLFit/hawc_analysis/Run1/Results/Step4-FinalRefit/fits/residual_binB3C0.fits.gz
2026-08-24 11:21:14 - Pipeline - INFO - Created FITS file: /Users/rishi/Documents/Analysis/Sources/AstroImageDetection-fitmodel/HAWC-ImageProcessing-3MLFit/hawc_analysis/Run1/Results/Step4-FinalRefit/fits/residual_binB4C0.fits.gz
2026-08-24 11:21:19 - Pipeline - INFO - Created FITS file: /Users/rishi/Documents/Analysis/Sources/AstroImageDetection-fitmodel/HAWC-ImageProcessing-3MLFit/hawc_analysis/Run1/Results/Step4-FinalRefit/fits/residual_binB5C0.fits.gz
2026-08-24 11:21:22 - Pipeline - INFO - Created FITS file: /Users/rishi/Documents/Analysis/Sources/AstroImageDetection-fitmodel/HAWC-ImageProcessing-3MLFit/hawc_analysis/Run1/Results/Step4-FinalRefit/fits/residual_binB6C0.fits.gz
2026-08-24 11:21:25 - Pipeline - INFO - Created FITS file: /Users/rishi/Documents/Analysis/Sources/AstroImageDetection-fitmodel/HAWC-ImageProcessing-3MLFit/hawc_analysis/Run1/Results/Step4-FinalRefit/fits/residual_binB7C0.fits.gz
2026-08-24 11:21:28 - Pipeline - INFO - Created FITS file: /Users/rishi/Documents/Analysis/Sources/AstroImageDetection-fitmodel/HAWC-ImageProcessing-3MLFit/hawc_analysis/Run1/Results/Step4-FinalRefit/fits/residual_binB8C0.fits.gz
2026-08-24 11:21:30 - Pipeline - INFO - Created FITS file: /Users/rishi/Documents/Analysis/Sources/AstroImageDetection-fitmodel/HAWC-ImageProcessing-3MLFit/hawc_analysis/Run1/Results/Step4-FinalRefit/fits/residual_binB9C0.fits.gz
2026-08-24 11:21:32 - Pipeline - INFO - Created FITS file: /Users/rishi/Documents/Analysis/Sources/AstroImageDetection-fitmodel/HAWC-ImageProcessing-3MLFit/hawc_analysis/Run1/Results/Step4-FinalRefit/fits/residual_binB10C0.fits.gz
2026-08-24 11:21:32 - Pipeline - INFO - Successfully converted 9 energy bins to FITS
2026-08-24 11:21:32 - Pipeline - INFO - Output FITS file /Users/rishi/Documents/Analysis/Sources/AstroImageDetection-fitmodel/HAWC-ImageProcessing-3MLFit/hawc_analysis/Run1/Results/Step4-FinalRefit/fits/residual.fits already exists, skipping map generation
2026-08-24 11:21:33 - Pipeline - INFO - No hotspots found in /Users/rishi/Documents/Analysis/Sources/AstroImageDetection-fitmodel/HAWC-ImageProcessing-3MLFit/hawc_analysis/Run1/Results/Step4-FinalRefit/fits/residual.fits. Max value: nan
2026-08-24 11:21:33 - Pipeline - INFO - Max value in residual map: nan
2026-08-24 11:21:33 - Pipeline - INFO - Wrote fit summary: /Users/rishi/Documents/Analysis/Sources/AstroImageDetection-fitmodel/HAWC-ImageProcessing-3MLFit/hawc_analysis/Run1/Results/Step4-FinalRefit/fit_summary.json
2026-08-24 11:21:33 - Pipeline - INFO - Wrote fit summary CSV: /Users/rishi/Documents/Analysis/Sources/AstroImageDetection-fitmodel/HAWC-ImageProcessing-3MLFit/hawc_analysis/Run1/Results/Step4-FinalRefit/fit_summary.csv
